Rk,Team,Date,xG,Venue,Opp,Comp,Result,GF,GA,GD,Poss,G-PK,PK,PKatt,PKm,xG,npxG,xGD,npxGD,xAG,xA,G-xG,np:G-xG,A-xAG,npxG/Sh,Sh,G/Sh,G/SoT,SoT,SoT%,Dist,FK,Match Report
1,Hoffenheim,2022-05-14,1.6,@,Gladbach,de Bundesliga,L 1-5,1,5,-4,45,1,0,0,0,1.6,1.6,-1.6,-0.8,1.5,1.3,-0.6,-0.6,-0.5,0.16,10,0.1,0.5,2,20,17,1,Match Report
2,Bayern Munich,2022-05-14,2.1,@,Wolfsburg,de Bundesliga,D 2-2,2,2,0,67,2,0,0,0,2.1,2.1,+0.7,+0.7,2,2.7,-0.1,-0.1,0,0.08,26,0.08,0.25,8,30.8,17.1,0,Match Report
3,Augsburg,2022-05-14,1.1,,Greuther Fürth,de Bundesliga,W 2-1,2,1,+1,49,1,1,1,0,1.1,0.3,+0.7,-0.1,0.3,0.5,+0.9,+0.7,+0.7,0.05,7,0.14,0.5,2,28.6,18.3,1,Match Report
4,Greuther Fürth,2022-05-14,0.5,@,Augsburg,de Bundesliga,L 1-2,1,2,-1,51,1,0,0,0,0.5,0.5,-0.7,+0.1,0.4,0.4,+0.5,+0.5,+0.6,0.07,7,0.14,0.25,4,57.1,19.9,0,Match Report
5,Arminia,2022-05-14,1.6,,RB Leipzig,de Bundesliga,D 1-1,1,1,0,42,1,0,0,0,1.6,1.6,-1.4,-1.4,0.3,0.2,-0.6,-0.6,+0.7,0.19,9,0.11,0.25,4,44.4,14.4,0,Match Report
6,Hertha BSC,2022-05-14,1,@,Dortmund,de Bundesliga,L 1-2,1,2,-1,27,0,1,1,0,1,0.2,-0.4,-0.5,0.2,0.2,0,-0.2,-0.2,0.04,4,0,,0,0,21.4,0,Match Report
7,Gladbach,2022-05-14,3.2,,Hoffenheim,de Bundesliga,W 5-1,5,1,+4,55,4,1,1,0,3.2,2.4,+1.6,+0.8,1.5,1.2,+1.8,+1.6,+0.5,0.15,17,0.24,0.5,8,47.1,15.1,0,Match Report
8,Wolfsburg,2022-05-14,1.5,,Bayern Munich,de Bundesliga,D 2-2,2,2,0,33,2,0,0,0,1.5,1.5,-0.7,-0.7,1.4,1.1,+0.5,+0.5,+0.6,0.16,9,0.22,1,2,22.2,18.3,0,Match Report
9,Stuttgart,2022-05-14,3.9,,Köln,de Bundesliga,W 2-1,2,1,+1,34,2,0,1,1,3.9,3.1,+2.7,+1.9,2.1,1.7,-1.9,-1.1,-0.1,0.14,23,0.09,0.18,11,47.8,15.8,0,Match Report
10,Union Berlin,2022-05-14,2.6,,Bochum,de Bundesliga,W 3-2,3,2,+1,43,2,1,1,0,2.6,1.9,+2.4,+1.7,1.3,1.1,+0.4,+0.1,-0.3,0.13,15,0.13,0.2,10,66.7,14.8,0,Match Report
11,Mainz 05,2022-05-14,1.3,,Eint Frankfurt,de Bundesliga,D 2-2,2,2,0,49,2,0,0,0,1.3,1.3,-0.4,-0.4,0.8,1,+0.7,+0.7,+0.2,0.1,13,0.15,0.5,4,30.8,14.8,1,Match Report
12,Freiburg,2022-05-14,1.1,@,Leverkusen,de Bundesliga,L 1-2,1,2,-1,47,1,0,0,0,1.1,1.1,-1.1,-1.1,0.9,1.4,-0.1,-0.1,+0.1,0.08,13,0.08,0.5,2,15.4,15.3,0,Match Report
13,RB Leipzig,2022-05-14,3,@,Arminia,de Bundesliga,D 1-1,1,1,0,58,1,0,0,0,3,3,+1.4,+1.4,2.7,2.5,-2,-2,-1.7,0.16,20,0.05,0.1,10,50,12.4,0,Match Report
14,Dortmund,2022-05-14,1.3,,Hertha BSC,de Bundesliga,W 2-1,2,1,+1,73,1,1,1,0,1.3,0.6,+0.4,+0.5,0.5,1.1,+0.7,+0.4,+0.5,0.09,7,0.14,1,1,14.3,17.9,1,Match Report
15,Bochum,2022-05-14,0.2,@,Union Berlin,de Bundesliga,L 2-3,2,3,-1,57,2,0,0,0,0.2,0.2,-2.4,-1.7,0.2,0.4,+1.8,+1.8,+1.8,0.04,5,0.4,0.67,3,60,20.6,0,Match Report
16,Köln,2022-05-14,1.2,@,Stuttgart,de Bundesliga,L 1-2,1,2,-1,66,1,0,0,0,1.2,1.2,-2.7,-1.9,0.4,0.9,-0.2,-0.2,-0.4,0.09,13,0.08,0.5,2,15.4,15.9,0,Match Report
17,Leverkusen,2022-05-14,2.2,,Freiburg,de Bundesliga,W 2-1,2,1,+1,53,2,0,0,0,2.2,2.2,+1.1,+1.1,2.1,1.3,-0.2,-0.2,-0.1,0.2,11,0.18,0.67,3,27.3,18.7,0,Match Report
18,Eint Frankfurt,2022-05-14,1.6,@,Mainz 05,de Bundesliga,D 2-2,2,2,0,51,2,0,0,0,1.6,1.6,+0.4,+0.4,1.1,0.9,+0.4,+0.4,-0.1,0.15,12,0.17,0.5,4,33.3,18.2,1,Match Report
19,Bayern Munich,2022-05-08,2.6,,Stuttgart,de Bundesliga,D 2-2,2,2,0,75,2,0,0,0,2.6,2.6,+1.1,+1.1,1.8,2.3,-0.6,-0.6,+0.2,0.14,22,0.09,0.29,7,31.8,13.6,0,Match Report
20,Augsburg,2022-05-08,0.3,@,RB Leipzig,de Bundesliga,L 0-4,0,4,-4,36,0,0,0,0,0.3,0.3,-2.9,-2.2,0.1,0.2,-0.3,-0.3,-0.1,0.05,6,0,0,1,16.7,22.4,0,Match Report
21,Gladbach,2022-05-08,1.4,@,Eint Frankfurt,de Bundesliga,D 1-1,1,1,0,53,1,0,0,0,1.4,1.4,+0.6,+0.6,0.9,1.3,-0.4,-0.4,+0.1,0.12,12,0.08,0.17,6,50,18.3,1,Match Report
22,Stuttgart,2022-05-08,1.5,@,Bayern Munich,de Bundesliga,D 2-2,2,2,0,25,2,0,0,0,1.5,1.5,-1.1,-1.1,1.5,0.8,+0.5,+0.5,+0.5,0.1,15,0.13,0.4,5,33.3,18,0,Match Report
23,RB Leipzig,2022-05-08,3.2,,Augsburg,de Bundesliga,W 4-0,4,0,+4,64,3,1,1,0,3.2,2.5,+2.9,+2.2,2.3,1.5,+0.8,+0.5,-0.3,0.2,13,0.23,0.43,7,53.8,17.1,0,Match Report
24,Eint Frankfurt,2022-05-08,0.8,,Gladbach,de Bundesliga,D 1-1,1,1,0,47,1,0,0,0,0.8,0.8,-0.6,-0.6,0.7,0.7,+0.2,+0.2,+0.3,0.05,18,0.06,0.33,3,16.7,20,0,Match Report
25,Hoffenheim,2022-05-07,2.5,,Leverkusen,de Bundesliga,L 2-4,2,4,-2,47,2,0,0,0,2.5,2.5,-1.5,-1.5,1.9,1.4,-0.5,-0.5,+0.1,0.22,12,0.17,0.4,5,41.7,16.7,0,Match Report
26,Greuther Fürth,2022-05-07,1.3,,Dortmund,de Bundesliga,L 1-3,1,3,-2,43,1,0,0,0,1.3,1.3,-0.2,-0.2,0.8,0.5,-0.3,-0.3,+0.2,0.16,8,0.13,0.33,3,37.5,20,0,Match Report
27,Hertha BSC,2022-05-07,1.1,,Mainz 05,de Bundesliga,L 1-2,1,2,-1,36,0,1,1,0,1.1,0.4,+0.4,-0.3,0.2,0.4,-0.1,-0.4,-0.2,0.04,9,0,,0,0,22,0,Match Report
28,Wolfsburg,2022-05-07,1.1,@,Köln,de Bundesliga,W 1-0,1,0,+1,39,1,0,0,0,1.1,1.1,-0.1,-0.1,1.1,0.7,-0.1,-0.1,-0.1,0.22,5,0.2,0.33,3,60,26.2,0,Match Report
29,Union Berlin,2022-05-07,2,@,Freiburg,de Bundesliga,W 4-1,4,1,+3,29,4,0,0,0,2,2,+0.2,+0.2,0.7,0.5,+2.0,+2.0,+1.3,0.15,13,0.31,0.8,5,38.5,15.8,0,Match Report
30,Mainz 05,2022-05-07,0.7,@,Hertha BSC,de Bundesliga,W 2-1,2,1,+1,64,2,0,0,0,0.7,0.7,-0.4,+0.3,0.5,1.1,+1.3,+1.3,+1.5,0.06,11,0.18,0.4,5,45.5,17,1,Match Report
31,Freiburg,2022-05-07,1.8,,Union Berlin,de Bundesliga,L 1-4,1,4,-3,71,1,0,0,0,1.8,1.8,-0.2,-0.2,1.7,1.9,-0.8,-0.8,-0.7,0.1,19,0.05,0.33,3,15.8,17.1,0,Match Report
32,Dortmund,2022-05-07,1.5,@,Greuther Fürth,de Bundesliga,W 3-1,3,1,+2,57,3,0,0,0,1.5,1.5,+0.2,+0.2,0.8,0.3,+1.5,+1.5,+1.2,0.19,8,0.38,0.75,4,50,14.2,0,Match Report
33,Köln,2022-05-07,1.2,,Wolfsburg,de Bundesliga,L 0-1,0,1,-1,61,0,0,0,0,1.2,1.2,+0.1,+0.1,0.7,1.3,-1.2,-1.2,-0.7,0.07,18,0,0,9,50,16.2,0,Match Report
34,Leverkusen,2022-05-07,4,@,Hoffenheim,de Bundesliga,W 4-2,4,2,+2,53,4,0,0,0,4,4,+1.5,+1.5,3,1.8,0,0,+1.0,0.25,16,0.25,0.5,8,50,12.4,0,Match Report
35,Arminia,2022-05-06,0.8,@,Bochum,de Bundesliga,L 1-2,1,2,-1,40,1,0,0,0,0.8,0.8,-1.3,-1.3,0.6,0.8,+0.2,+0.2,+0.4,0.06,14,0.07,0.25,4,28.6,21.1,0,Match Report
36,Bochum,2022-05-06,2.1,,Arminia,de Bundesliga,W 2-1,2,1,+1,60,1,0,0,0,2.1,2.1,+1.3,+1.3,2,1.8,-1.1,-1.1,-1,0.12,17,0.06,0.11,9,52.9,16.4,1,Match Report
37,Gladbach,2022-05-02,1.5,,RB Leipzig,de Bundesliga,W 3-1,3,1,+2,49,3,0,0,0,1.5,1.5,+0.4,+0.4,1,0.5,+1.5,+1.5,+1.0,0.17,9,0.33,0.5,6,66.7,18,0,Match Report
38,RB Leipzig,2022-05-02,1.1,@,Gladbach,de Bundesliga,L 1-3,1,3,-2,51,1,0,0,0,1.1,1.1,-0.4,-0.4,1,1.9,-0.1,-0.1,0,0.09,12,0.08,0.14,7,58.3,17.1,1,Match Report
39,Leverkusen,2022-05-02,1.8,,Eint Frankfurt,de Bundesliga,W 2-0,2,0,+2,55,2,0,0,0,1.8,1.8,+1.5,+1.5,1.6,1.1,+0.2,+0.2,+0.4,0.16,11,0.18,0.67,3,27.3,11.5,0,Match Report
40,Eint Frankfurt,2022-05-02,0.3,@,Leverkusen,de Bundesliga,L 0-2,0,2,-2,45,0,0,0,0,0.3,0.3,-1.5,-1.5,0.3,0.3,-0.3,-0.3,-0.3,0.03,9,0,0,4,44.4,25.1,0,Match Report
41,Hoffenheim,2022-04-30,2,,Freiburg,de Bundesliga,L 3-4,3,4,-1,58,3,0,0,0,2,2,-0.4,-0.4,1.6,1.7,+1.0,+1.0,+1.4,0.11,19,0.16,0.43,7,36.8,14.5,0,Match Report
42,Bayern Munich,2022-04-30,1.4,@,Mainz 05,de Bundesliga,L 1-3,1,3,-2,68,1,0,0,0,1.4,1.4,-1.9,-1.9,0.7,1.3,-0.4,-0.4,+0.3,0.21,7,0.14,1,1,14.3,19,0,Match Report
43,Augsburg,2022-04-30,1.7,,Köln,de Bundesliga,L 1-4,1,4,-3,47,1,0,0,0,1.7,1.7,-0.8,0,1.6,1.6,-0.7,-0.7,-0.6,0.14,12,0.08,0.25,4,33.3,14.2,2,Match Report
44,Arminia,2022-04-30,0.5,,Hertha BSC,de Bundesliga,D 1-1,1,1,0,55,1,0,0,0,0.5,0.5,-0.9,-0.9,0.5,0.8,+0.5,+0.5,+0.5,0.07,7,0.14,1,1,14.3,20.6,1,Match Report
45,Hertha BSC,2022-04-30,1.5,@,Arminia,de Bundesliga,D 1-1,1,1,0,45,1,0,0,0,1.5,1.5,+0.9,+0.9,1.4,1.5,-0.5,-0.5,-0.4,0.13,11,0.09,0.2,5,45.5,13.8,0,Match Report
46,Wolfsburg,2022-04-30,1.4,@,Stuttgart,de Bundesliga,D 1-1,1,1,0,43,1,0,0,0,1.4,1.4,+0.7,+0.7,1.2,0.9,-0.4,-0.4,-0.2,0.1,15,0.07,0.2,5,33.3,19.9,1,Match Report
47,Stuttgart,2022-04-30,0.8,,Wolfsburg,de Bundesliga,D 1-1,1,1,0,57,1,0,0,0,0.8,0.8,-0.7,-0.7,0.7,0.9,+0.2,+0.2,+0.3,0.04,19,0.05,0.2,5,26.3,18.9,0,Match Report
48,Mainz 05,2022-04-30,3.3,,Bayern Munich,de Bundesliga,W 3-1,3,1,+2,32,3,0,0,0,3.3,3.3,+1.9,+1.9,3.1,2.2,-0.3,-0.3,-0.1,0.15,22,0.14,0.43,7,31.8,15.1,0,Match Report
49,Freiburg,2022-04-30,2.4,@,Hoffenheim,de Bundesliga,W 4-3,4,3,+1,43,4,0,0,0,2.4,2.4,+0.4,+0.4,2.4,1.5,+1.6,+1.6,+1.6,0.22,11,0.36,0.8,5,45.5,16,1,Match Report
50,Dortmund,2022-04-30,4,,Bochum,de Bundesliga,L 3-4,3,4,-1,69,1,2,2,0,4,2.9,+2.4,+2.0,2.7,2,-1,-1.9,-1.7,0.18,16,0.06,0.14,7,43.8,17.1,0,Match Report
51,Bochum,2022-04-30,1.6,@,Dortmund,de Bundesliga,W 4-3,4,3,+1,31,3,1,1,0,1.6,0.8,-2.4,-2,0.8,0.9,+2.4,+2.2,+2.2,0.08,11,0.27,0.6,5,45.5,15.6,0,Match Report
52,Köln,2022-04-30,2.5,@,Augsburg,de Bundesliga,W 4-1,4,1,+3,53,3,1,1,0,2.5,1.7,+0.8,0,1.3,1.2,+1.5,+1.3,+1.7,0.11,16,0.19,0.5,6,37.5,14.9,0,Match Report
53,Greuther Fürth,2022-04-29,0.3,@,Union Berlin,de Bundesliga,D 1-1,1,1,0,46,1,0,0,0,0.3,0.3,-1.1,-1.1,0.1,0.7,+0.7,+0.7,-0.1,0.04,7,0.14,0.5,2,28.6,22.4,0,Match Report
54,Union Berlin,2022-04-29,1.4,,Greuther Fürth,de Bundesliga,D 1-1,1,1,0,54,1,0,0,0,1.4,1.4,+1.1,+1.1,0.4,0.5,-0.4,-0.4,-0.4,0.18,8,0.13,0.33,3,37.5,13.4,0,Match Report
55,Augsburg,2022-04-24,1.9,@,Bochum,de Bundesliga,W 2-0,2,0,+2,41,1,1,1,0,1.9,1.2,+0.8,0,0.9,0.7,+0.1,-0.2,-0.9,0.11,11,0.09,0.25,4,36.4,16.9,0,Match Report
56,Hertha BSC,2022-04-24,1.4,,Stuttgart,de Bundesliga,W 2-0,2,0,+2,42,2,0,0,0,1.4,1.4,+0.8,+0.8,1.2,0.9,+0.6,+0.6,+0.8,0.16,9,0.22,1,2,22.2,13.2,0,Match Report
57,Stuttgart,2022-04-24,0.6,@,Hertha BSC,de Bundesliga,L 0-2,0,2,-2,58,0,0,0,0,0.6,0.6,-0.8,-0.8,0.2,0.8,-0.6,-0.6,-0.2,0.05,12,0,0,5,41.7,21,0,Match Report
58,Bochum,2022-04-24,1.1,,Augsburg,de Bundesliga,L 0-2,0,2,-2,59,0,0,0,0,1.1,1.1,-0.8,0,0.8,1,-1.1,-1.1,-0.8,0.06,18,0,0,3,16.7,21,2,Match Report
59,Hoffenheim,2022-04-23,0.7,@,Eint Frankfurt,de Bundesliga,D 2-2,2,2,0,50,1,0,0,0,0.7,0.7,-0.6,-0.6,0.5,1.3,+0.3,+0.3,+0.5,0.07,10,0.1,0.25,4,40,18.6,0,Match Report
60,Bayern Munich,2022-04-23,1.7,,Dortmund,de Bundesliga,W 3-1,3,1,+2,58,3,0,0,0,1.7,1.7,+0.4,+1.2,1.2,1.3,+1.3,+1.3,+1.8,0.13,14,0.21,0.5,6,42.9,16.5,0,Match Report
61,Greuther Fürth,2022-04-23,0.9,,Leverkusen,de Bundesliga,L 1-4,1,4,-3,52,1,0,0,0,0.9,0.9,-1.6,-1.6,0.9,0.7,+0.1,+0.1,+0.1,0.11,8,0.13,0.33,3,37.5,15.6,0,Match Report
62,Arminia,2022-04-23,0.9,@,Köln,de Bundesliga,L 1-3,1,3,-2,45,0,0,0,0,0.9,0.9,-1.1,-1.1,0.6,0.6,-0.9,-0.9,-0.6,0.07,13,0,0,4,30.8,18.6,1,Match Report
63,Gladbach,2022-04-23,1.6,@,Freiburg,de Bundesliga,D 3-3,3,3,0,38,2,1,1,0,1.6,0.8,-0.6,-0.6,0.8,0.8,+1.4,+1.2,+1.2,0.14,6,0.33,0.67,3,50,18.6,0,Match Report
64,Union Berlin,2022-04-23,1.4,@,RB Leipzig,de Bundesliga,W 2-1,2,1,+1,46,2,0,0,0,1.4,1.4,+0.8,+0.8,1.3,1.3,+0.6,+0.6,+0.7,0.1,14,0.14,0.5,4,28.6,15.2,0,Match Report
65,Freiburg,2022-04-23,2.3,,Gladbach,de Bundesliga,D 3-3,3,3,0,62,2,1,1,0,2.3,1.5,+0.6,+0.6,1.3,1.1,+0.7,+0.5,+0.7,0.08,18,0.11,0.4,5,27.8,18,0,Match Report
66,RB Leipzig,2022-04-23,0.6,,Union Berlin,de Bundesliga,L 1-2,1,2,-1,54,1,0,0,0,0.6,0.6,-0.8,-0.8,0.3,0.6,+0.4,+0.4,-0.3,0.11,5,0.2,1,1,20,18.9,0,Match Report
67,Dortmund,2022-04-23,1.3,@,Bayern Munich,de Bundesliga,L 1-3,1,3,-2,42,0,1,1,0,1.3,0.5,-0.4,-1.2,0.5,0.8,-0.3,-0.5,-0.5,0.09,6,0,0,1,16.7,19.2,0,Match Report
68,Köln,2022-04-23,2,,Arminia,de Bundesliga,W 3-1,3,1,+2,55,3,0,0,0,2,2,+1.1,+1.1,1.5,1.6,+1.0,+1.0,+1.5,0.1,19,0.16,0.5,6,31.6,17,2,Match Report
69,Leverkusen,2022-04-23,2.5,@,Greuther Fürth,de Bundesliga,W 4-1,4,1,+3,48,4,0,0,0,2.5,2.5,+1.6,+1.6,0.6,0.8,+1.5,+1.5,+1.4,0.28,9,0.44,0.8,5,55.6,13.8,0,Match Report
70,Eint Frankfurt,2022-04-23,1.3,,Hoffenheim,de Bundesliga,D 2-2,2,2,0,50,2,0,0,0,1.3,1.3,+0.6,+0.6,1.2,1.3,+0.7,+0.7,+0.8,0.08,17,0.12,0.29,7,41.2,17.2,0,Match Report
71,Wolfsburg,2022-04-22,3.7,,Mainz 05,de Bundesliga,W 5-0,5,0,+5,60,4,1,1,0,3.7,2.9,+2.9,+2.1,1.5,1.7,+1.3,+1.1,+0.5,0.22,14,0.29,0.57,7,50,17.4,1,Match Report
72,Mainz 05,2022-04-22,0.7,@,Wolfsburg,de Bundesliga,L 0-5,0,5,-5,40,0,0,0,0,0.7,0.7,-2.9,-2.1,0.2,0.2,-0.7,-0.7,-0.2,0.15,5,0,0,3,60,18.7,0,Match Report
73,Hoffenheim,2022-04-17,1,,Greuther Fürth,de Bundesliga,D 0-0,0,0,0,58,0,0,0,0,1,1,+0.7,+0.7,0.8,1.7,-1,-1,-0.8,0.06,16,0,0,3,18.8,17.4,0,Match Report
74,Bayern Munich,2022-04-17,2.7,@,Arminia,de Bundesliga,W 3-0,3,0,+3,75,2,0,0,0,2.7,2.7,+2.3,+2.3,2.4,3,-0.7,-0.7,-0.4,0.12,22,0.09,0.25,8,36.4,16.5,0,Match Report
75,Greuther Fürth,2022-04-17,0.3,@,Hoffenheim,de Bundesliga,D 0-0,0,0,0,42,0,0,0,0,0.3,0.3,-0.7,-0.7,0.1,0.2,-0.3,-0.3,-0.1,0.04,8,0,0,1,12.5,24.2,1,Match Report
76,Arminia,2022-04-17,0.4,,Bayern Munich,de Bundesliga,L 0-3,0,3,-3,25,0,0,0,0,0.4,0.4,-2.3,-2.3,0.2,0.4,-0.4,-0.4,-0.2,0.05,8,0,0,3,37.5,15.4,0,Match Report
77,Union Berlin,2022-04-17,1.1,,Eint Frankfurt,de Bundesliga,W 2-0,2,0,+2,44,2,0,0,0,1.1,1.1,+0.6,+0.6,0.8,1,+0.9,+0.9,+1.2,0.08,13,0.15,0.5,4,30.8,18.7,0,Match Report
78,RB Leipzig,2022-04-17,0.5,@,Leverkusen,de Bundesliga,W 1-0,1,0,+1,53,1,0,0,0,0.5,0.5,-0.3,-0.3,0.3,0.4,+0.5,+0.5,+0.7,0.12,4,0.25,1,1,25,15.5,1,Match Report
79,Leverkusen,2022-04-17,0.8,,RB Leipzig,de Bundesliga,L 0-1,0,1,-1,47,0,0,0,0,0.8,0.8,+0.3,+0.3,0.7,1.3,-0.8,-0.8,-0.7,0.06,12,0,0,4,33.3,17.9,0,Match Report
80,Eint Frankfurt,2022-04-17,0.5,@,Union Berlin,de Bundesliga,L 0-2,0,2,-2,56,0,0,0,0,0.5,0.5,-0.6,-0.6,0.4,0.5,-0.5,-0.5,-0.4,0.05,10,0,0,3,30,19.2,0,Match Report
81,Augsburg,2022-04-16,1,,Hertha BSC,de Bundesliga,L 0-1,0,1,-1,59,0,0,0,0,1,1,-0.1,-0.1,0.8,0.7,-1,-1,-0.8,0.08,13,0,0,2,15.4,15.3,2,Match Report
82,Hertha BSC,2022-04-16,1.1,@,Augsburg,de Bundesliga,W 1-0,1,0,+1,41,1,0,0,0,1.1,1.1,+0.1,+0.1,1,1.1,-0.1,-0.1,0,0.08,13,0.08,1,1,7.7,17.8,1,Match Report
83,Gladbach,2022-04-16,1.2,,Köln,de Bundesliga,L 1-3,1,3,-2,58,1,0,0,0,1.2,1.2,-0.8,-0.8,0.9,0.8,-0.2,-0.2,+0.1,0.07,17,0.06,0.2,5,29.4,14.5,0,Match Report
84,Wolfsburg,2022-04-16,1.5,@,Dortmund,de Bundesliga,L 1-6,1,6,-5,40,1,0,0,0,1.5,1.5,-1.5,-1.5,0.7,1.5,-0.5,-0.5,-0.7,0.16,10,0.1,0.25,4,40,15.3,0,Match Report
85,Stuttgart,2022-04-16,0.7,@,Mainz 05,de Bundesliga,D 0-0,0,0,0,53,0,0,0,0,0.7,0.7,+0.1,+0.1,0.6,0.8,-0.7,-0.7,-0.6,0.12,6,0,0,3,50,21.2,1,Match Report
86,Mainz 05,2022-04-16,0.6,,Stuttgart,de Bundesliga,D 0-0,0,0,0,47,0,0,0,0,0.6,0.6,-0.1,-0.1,0.5,0.3,-0.6,-0.6,-0.5,0.05,11,0,,0,0,18.4,1,Match Report
87,Freiburg,2022-04-16,2.2,,Bochum,de Bundesliga,W 3-0,3,0,+3,62,3,0,0,0,2.2,2.2,+1.8,+1.8,2.2,2.3,+0.8,+0.8,+0.8,0.15,15,0.2,0.38,8,53.3,13.2,0,Match Report
88,Dortmund,2022-04-16,3,,Wolfsburg,de Bundesliga,W 6-1,6,1,+5,60,6,0,0,0,3,3,+1.5,+1.5,2.9,2.1,+3.0,+3.0,+3.1,0.25,12,0.5,0.75,8,66.7,14.7,0,Match Report
89,Bochum,2022-04-16,0.4,@,Freiburg,de Bundesliga,L 0-3,0,3,-3,38,0,0,0,0,0.4,0.4,-1.8,-1.8,0.4,0.8,-0.4,-0.4,-0.4,0.04,10,0,0,3,30,21.3,0,Match Report
90,Köln,2022-04-16,2,@,Gladbach,de Bundesliga,W 3-1,3,1,+2,42,3,0,0,0,2,2,+0.8,+0.8,1.7,1.2,+1.0,+1.0,+1.3,0.12,17,0.18,0.5,6,35.3,14,0,Match Report
91,Hoffenheim,2022-04-10,0.2,@,RB Leipzig,de Bundesliga,L 0-3,0,3,-3,49,0,0,0,0,0.2,0.2,-1.3,-1.3,0.2,0.6,-0.2,-0.2,-0.2,0.06,3,0,,0,0,18.5,0,Match Report
92,Freiburg,2022-04-10,1,@,Eint Frankfurt,de Bundesliga,W 2-1,2,1,+1,46,2,0,0,0,1,1,+0.1,+0.1,0.8,0.8,+1.0,+1.0,+1.2,0.09,12,0.17,0.5,4,33.3,14.9,0,Match Report
93,RB Leipzig,2022-04-10,1.5,,Hoffenheim,de Bundesliga,W 3-0,3,0,+3,51,3,0,0,0,1.5,1.5,+1.3,+1.3,1.3,1.3,+1.5,+1.5,+1.7,0.14,11,0.27,0.75,4,36.4,14.4,0,Match Report
94,Bochum,2022-04-10,0.7,,Leverkusen,de Bundesliga,D 0-0,0,0,0,41,0,0,0,0,0.7,0.7,-0.7,+0.1,0.6,0.8,-0.7,-0.7,-0.6,0.06,12,0,0,2,16.7,14.8,0,Match Report
95,Leverkusen,2022-04-10,1.4,@,Bochum,de Bundesliga,D 0-0,0,0,0,59,0,0,1,1,1.4,0.6,+0.7,-0.1,0.5,0.9,-1.4,-0.6,-0.5,0.07,9,0,0,2,22.2,19.8,0,Match Report
96,Eint Frankfurt,2022-04-10,0.9,,Freiburg,de Bundesliga,L 1-2,1,2,-1,54,1,0,0,0,0.9,0.9,-0.1,-0.1,0.7,1.3,+0.1,+0.1,+0.3,0.05,18,0.06,0.2,5,27.8,20.3,1,Match Report
97,Bayern Munich,2022-04-09,1.5,,Augsburg,de Bundesliga,W 1-0,1,0,+1,67,0,1,1,0,1.5,0.7,+1.3,+0.5,0.7,1.6,-0.5,-0.7,-0.7,0.06,13,0,0,3,23.1,20.3,0,Match Report
98,Augsburg,2022-04-09,0.2,@,Bayern Munich,de Bundesliga,L 0-1,0,1,-1,33,0,0,0,0,0.2,0.2,-1.3,-0.5,0.2,0.4,-0.2,-0.2,-0.2,0.04,6,0,0,1,16.7,22,0,Match Report
99,Greuther Fürth,2022-04-09,0.5,,Gladbach,de Bundesliga,L 0-2,0,2,-2,50,0,0,0,0,0.5,0.5,-2.2,-1.4,0.4,0.6,-0.5,-0.5,-0.4,0.05,10,0,0,1,10,21.3,1,Match Report
100,Arminia,2022-04-09,0.4,@,Wolfsburg,de Bundesliga,L 0-4,0,4,-4,47,0,0,0,0,0.4,0.4,-1.6,-1.6,0.1,0.1,-0.4,-0.4,-0.1,0.05,7,0,0,3,42.9,22.1,0,Match Report
101,Hertha BSC,2022-04-09,0.7,,Union Berlin,de Bundesliga,L 1-4,1,4,-3,52,0,0,0,0,0.7,0.7,-1.1,-1.1,0.7,0.8,-0.7,-0.7,-0.7,0.07,11,0,0,3,27.3,17.4,0,Match Report
102,Gladbach,2022-04-09,2.7,@,Greuther Fürth,de Bundesliga,W 2-0,2,0,+2,50,1,1,1,0,2.7,1.9,+2.2,+1.4,1.8,1.6,-0.7,-0.9,-0.8,0.12,16,0.06,0.2,5,31.3,17.6,0,Match Report
103,Wolfsburg,2022-04-09,2,,Arminia,de Bundesliga,W 4-0,4,0,+4,53,4,0,0,0,2,2,+1.6,+1.6,1.9,1.7,+2.0,+2.0,+1.1,0.18,11,0.36,0.67,6,54.5,16,1,Match Report
104,Union Berlin,2022-04-09,1.8,@,Hertha BSC,de Bundesliga,W 4-1,4,1,+3,48,4,0,0,0,1.8,1.8,+1.1,+1.1,1.5,1.3,+2.2,+2.2,+2.5,0.12,16,0.25,0.33,12,75,17,1,Match Report
105,Mainz 05,2022-04-09,0.9,@,Köln,de Bundesliga,L 2-3,2,3,-1,46,2,0,0,0,0.9,0.9,-0.9,-0.9,0.3,0.5,+1.1,+1.1,+1.7,0.1,10,0.2,0.33,6,60,15,0,Match Report
106,Köln,2022-04-09,1.8,,Mainz 05,de Bundesliga,W 3-2,3,2,+1,54,3,0,0,0,1.8,1.8,+0.9,+0.9,1.2,0.7,+1.2,+1.2,+0.8,0.14,13,0.23,0.6,5,38.5,15.2,0,Match Report
107,Stuttgart,2022-04-08,1.7,,Dortmund,de Bundesliga,L 0-2,0,2,-2,42,0,0,0,0,1.7,1.7,-0.2,-0.2,1.2,1,-1.7,-1.7,-1.2,0.13,13,0,0,2,15.4,15.9,0,Match Report
108,Dortmund,2022-04-08,1.9,@,Stuttgart,de Bundesliga,W 2-0,2,0,+2,58,2,0,0,0,1.9,1.9,+0.2,+0.2,1.9,3,+0.1,+0.1,+0.1,0.16,12,0.17,0.5,4,33.3,17.3,0,Match Report
109,Augsburg,2022-04-06,1.8,,Mainz 05,de Bundesliga,W 2-1,2,1,+1,38,1,1,1,0,1.8,1,0,-0.8,0.9,0.4,+0.2,0,+0.1,0.1,10,0.1,0.33,3,30,21.9,1,Match Report
110,Mainz 05,2022-04-06,1.8,@,Augsburg,de Bundesliga,L 1-2,1,2,-1,62,1,0,0,0,1.8,1.8,0,+0.8,1.6,1.2,-0.8,-0.8,-0.6,0.11,16,0.06,0.33,3,18.8,18.2,2,Match Report
111,Augsburg,2022-04-03,1.6,,Wolfsburg,de Bundesliga,W 3-0,3,0,+3,39,3,0,0,0,1.6,1.6,+0.5,+0.5,1.5,1.2,+1.4,+1.4,+1.5,0.13,13,0.23,0.75,4,30.8,16.2,0,Match Report
112,Gladbach,2022-04-03,1.5,,Mainz 05,de Bundesliga,D 1-1,1,1,0,52,1,0,0,0,1.5,1.5,-0.4,-0.4,1.3,1.1,-0.5,-0.5,-0.3,0.09,16,0.06,0.14,7,43.8,21.6,1,Match Report
113,Wolfsburg,2022-04-03,1.1,@,Augsburg,de Bundesliga,L 0-3,0,3,-3,61,0,0,0,0,1.1,1.1,-0.5,-0.5,0.4,1.2,-1.1,-1.1,-0.4,0.06,18,0,0,5,27.8,17.6,0,Match Report
114,Mainz 05,2022-04-03,1.8,@,Gladbach,de Bundesliga,D 1-1,1,1,0,48,1,0,0,0,1.8,1.8,+0.4,+0.4,1,1.2,-0.8,-0.8,0,0.1,21,0.05,0.1,10,47.6,18.5,1,Match Report
115,Hoffenheim,2022-04-02,2,,Bochum,de Bundesliga,L 1-2,1,2,-1,58,1,0,0,0,2,2,-0.1,-0.1,2,1.1,-1,-1,-1,0.16,13,0.08,0.17,6,46.2,16.2,1,Match Report
116,Bayern Munich,2022-04-02,2.1,@,Freiburg,de Bundesliga,W 4-1,4,1,+3,61,4,0,0,0,2.1,2.1,+1.5,+1.5,1.3,3.1,+1.9,+1.9,+1.7,0.1,21,0.19,0.4,10,47.6,18.8,0,Match Report
117,Greuther Fürth,2022-04-02,0.6,@,Eint Frankfurt,de Bundesliga,D 0-0,0,0,0,33,0,0,0,0,0.6,0.6,-0.6,-0.6,0.5,0.5,-0.6,-0.6,-0.5,0.15,4,0,0,2,50,18.2,0,Match Report
118,Arminia,2022-04-02,1,,Stuttgart,de Bundesliga,D 1-1,1,1,0,53,1,0,0,0,1,1,-1.2,-0.5,1,1.6,0,0,0,0.1,10,0.1,0.25,4,40,13.8,0,Match Report
119,Hertha BSC,2022-04-02,0.8,@,Leverkusen,de Bundesliga,L 1-2,1,2,-1,32,1,0,0,0,0.8,0.8,-0.7,-0.7,0.6,1,+0.2,+0.2,+0.4,0.11,7,0.14,0.25,4,57.1,13.9,0,Match Report
120,Stuttgart,2022-04-02,2.2,@,Arminia,de Bundesliga,D 1-1,1,1,0,47,0,1,1,0,2.2,1.5,+1.2,+0.5,1.4,1.7,-1.2,-1.5,-1.4,0.11,14,0,0,3,21.4,17.6,0,Match Report
121,Freiburg,2022-04-02,0.6,,Bayern Munich,de Bundesliga,L 1-4,1,4,-3,39,1,0,0,0,0.6,0.6,-1.5,-1.5,0.6,0.9,+0.4,+0.4,+0.4,0.08,8,0.13,0.33,3,37.5,18.9,1,Match Report
122,RB Leipzig,2022-04-02,1.1,@,Dortmund,de Bundesliga,W 4-1,4,1,+3,36,4,0,0,0,1.1,1.1,+0.3,+0.3,0.7,0.8,+2.9,+2.9,+2.3,0.11,10,0.4,0.8,5,50,16.4,0,Match Report
123,Dortmund,2022-04-02,0.7,,RB Leipzig,de Bundesliga,L 1-4,1,4,-3,64,1,0,0,0,0.7,0.7,-0.3,-0.3,0.5,1.6,+0.3,+0.3,+0.5,0.07,10,0.1,0.5,2,20,17.4,1,Match Report
124,Bochum,2022-04-02,2.1,@,Hoffenheim,de Bundesliga,W 2-1,2,1,+1,42,2,0,0,0,2.1,2.1,+0.1,+0.1,1.2,0.6,-0.1,-0.1,-0.2,0.1,21,0.1,0.33,6,28.6,18.1,0,Match Report
125,Leverkusen,2022-04-02,1.5,,Hertha BSC,de Bundesliga,W 2-1,2,1,+1,68,2,0,0,0,1.5,1.5,+0.7,+0.7,1.2,2.4,+0.5,+0.5,+0.8,0.08,19,0.11,0.33,6,31.6,15.7,1,Match Report
126,Eint Frankfurt,2022-04-02,1.2,,Greuther Fürth,de Bundesliga,D 0-0,0,0,0,67,0,0,0,0,1.2,1.2,+0.6,+0.6,1.1,1.8,-1.2,-1.2,-1.1,0.06,21,0,0,6,28.6,18.2,0,Match Report
127,Union Berlin,2022-04-01,1.3,,Köln,de Bundesliga,W 1-0,1,0,+1,37,1,0,0,0,1.3,1.3,+0.9,+0.9,0.5,0.5,-0.3,-0.3,-0.5,0.1,12,0.08,0.25,4,33.3,16.5,1,Match Report
128,Köln,2022-04-01,0.3,@,Union Berlin,de Bundesliga,L 0-1,0,1,-1,63,0,0,0,0,0.3,0.3,-0.9,-0.9,0,0.2,-0.3,-0.3,0,0.06,6,0,0,1,16.7,18.8,0,Match Report
129,Wolfsburg,2022-03-20,1.1,,Leverkusen,de Bundesliga,L 0-2,0,2,-2,50,0,0,0,0,1.1,1.1,+0.1,+0.1,1.1,1.7,-1.1,-1.1,-1.1,0.08,14,0,0,3,21.4,19.2,1,Match Report
130,RB Leipzig,2022-03-20,1.2,,Eint Frankfurt,de Bundesliga,D 0-0,0,0,0,55,0,0,0,0,1.2,1.2,+1.0,+1.0,1,1.6,-1.2,-1.2,-1,0.08,15,0,0,6,40,19,1,Match Report
131,Dortmund,2022-03-20,1.2,@,Köln,de Bundesliga,D 1-1,1,1,0,46,1,0,0,0,1.2,1.2,+0.1,+0.1,1.2,0.7,-0.2,-0.2,-0.2,0.14,9,0.11,0.33,3,33.3,18.9,0,Match Report
132,Köln,2022-03-20,1.1,,Dortmund,de Bundesliga,D 1-1,1,1,0,54,1,0,0,0,1.1,1.1,-0.1,-0.1,1.1,0.6,-0.1,-0.1,-0.1,0.11,11,0.09,1,1,9.1,14.4,0,Match Report
133,Leverkusen,2022-03-20,1,@,Wolfsburg,de Bundesliga,W 2-0,2,0,+2,50,2,0,0,0,1,1,-0.1,-0.1,1,0.9,+1.0,+1.0,+1.0,0.07,15,0.13,0.4,5,33.3,19.9,1,Match Report
134,Eint Frankfurt,2022-03-20,0.2,@,RB Leipzig,de Bundesliga,D 0-0,0,0,0,45,0,0,0,0,0.2,0.2,-1,-1,0.2,0.6,-0.2,-0.2,-0.2,0.05,5,0,,0,0,16.6,0,Match Report
135,Hoffenheim,2022-03-19,0.8,@,Hertha BSC,de Bundesliga,L 0-3,0,3,-3,68,0,0,0,0,0.8,0.8,-0.5,-0.5,0.7,0.6,-0.8,-0.8,-0.7,0.1,8,0,,0,0,16.1,1,Match Report
136,Bayern Munich,2022-03-19,2.7,,Union Berlin,de Bundesliga,W 4-0,4,0,+4,70,3,1,1,0,2.7,1.9,+1.7,+0.9,1.3,1.3,+1.3,+1.1,+1.7,0.12,15,0.2,0.6,5,33.3,21,0,Match Report
137,Augsburg,2022-03-19,1,@,Stuttgart,de Bundesliga,L 2-3,2,3,-1,36,2,0,0,0,1,1,-1.2,-1.2,0.9,0.5,+1.0,+1.0,+1.1,0.1,10,0.2,0.5,4,40,17.4,0,Match Report
138,Greuther Fürth,2022-03-19,1,,Freiburg,de Bundesliga,D 0-0,0,0,0,39,0,0,0,0,1,1,-0.2,-0.2,0.8,0.4,-1,-1,-0.8,0.12,8,0,0,1,12.5,17.6,0,Match Report
139,Arminia,2022-03-19,0.2,@,Mainz 05,de Bundesliga,L 0-4,0,4,-4,44,0,0,0,0,0.2,0.2,-4,-1.7,0.1,0.3,-0.2,-0.2,-0.1,0.04,6,0,,0,0,27.2,1,Match Report
140,Hertha BSC,2022-03-19,1.3,,Hoffenheim,de Bundesliga,W 3-0,3,0,+3,32,3,0,0,0,1.3,1.3,+0.5,+0.5,1.1,0.8,+1.7,+1.7,+0.9,0.1,13,0.23,0.5,6,46.2,17.1,0,Match Report
141,Stuttgart,2022-03-19,2.2,,Augsburg,de Bundesliga,W 3-2,3,2,+1,64,3,0,0,0,2.2,2.2,+1.2,+1.2,1.9,1.9,+0.8,+0.8,+0.1,0.09,24,0.13,0.38,8,33.3,18.3,2,Match Report
142,Union Berlin,2022-03-19,1,@,Bayern Munich,de Bundesliga,L 0-4,0,4,-4,30,0,0,0,0,1,1,-1.7,-0.9,0.8,0.6,-1,-1,-0.8,0.1,10,0,0,4,40,15.9,0,Match Report
143,Mainz 05,2022-03-19,4.3,,Arminia,de Bundesliga,W 4-0,4,0,+4,56,1,3,3,0,4.3,1.9,+4.0,+1.7,1.7,1.1,-0.3,-0.9,-0.7,0.18,11,0.09,0.33,3,27.3,16.8,0,Match Report
144,Freiburg,2022-03-19,1.2,@,Greuther Fürth,de Bundesliga,D 0-0,0,0,0,61,0,0,0,0,1.2,1.2,+0.2,+0.2,0.8,0.7,-1.2,-1.2,-0.8,0.08,15,0,0,3,20,20.3,1,Match Report
145,Mainz 05,2022-03-16,0.9,,Dortmund,de Bundesliga,L 0-1,0,1,-1,41,0,0,0,0,0.9,0.9,+0.1,+0.1,0.8,1.2,-0.9,-0.9,-0.8,0.08,11,0,0,1,9.1,18.3,1,Match Report
146,Dortmund,2022-03-16,0.8,@,Mainz 05,de Bundesliga,W 1-0,1,0,+1,59,1,0,0,0,0.8,0.8,-0.1,-0.1,0.7,0.8,+0.2,+0.2,+0.3,0.07,11,0.09,0.25,4,36.4,16,2,Match Report
147,Greuther Fürth,2022-03-13,0.3,,RB Leipzig,de Bundesliga,L 1-6,1,6,-5,47,1,0,0,0,0.3,0.3,-1.3,-1.3,0.2,0.3,+0.7,+0.7,-0.2,0.05,7,0.14,1,1,14.3,22.2,0,Match Report
148,Arminia,2022-03-13,0.7,@,Dortmund,de Bundesliga,L 0-1,0,1,-1,41,0,0,0,0,0.7,0.7,-1.3,-1.3,0.6,1.4,-0.7,-0.7,-0.6,0.06,12,0,0,5,41.7,17.1,1,Match Report
149,RB Leipzig,2022-03-13,1.7,@,Greuther Fürth,de Bundesliga,W 6-1,6,1,+5,53,6,0,0,0,1.7,1.7,+1.3,+1.3,1.7,2.1,+4.3,+4.3,+4.3,0.14,12,0.5,1,6,50,14,1,Match Report
150,Dortmund,2022-03-13,2,,Arminia,de Bundesliga,W 1-0,1,0,+1,59,1,0,0,0,2,2,+1.3,+1.3,1.5,1.8,-1,-1,-0.5,0.11,19,0.05,0.33,3,15.8,15,0,Match Report
151,Bochum,2022-03-13,1.1,@,Eint Frankfurt,de Bundesliga,L 1-2,1,2,-1,47,1,0,0,0,1.1,1.1,-0.7,-0.7,0.9,1.3,-0.1,-0.1,+0.1,0.16,7,0.14,0.2,5,71.4,15.2,0,Match Report
152,Köln,2022-03-13,0.5,@,Leverkusen,de Bundesliga,W 1-0,1,0,+1,45,1,0,0,0,0.5,0.5,-1.9,-1.9,0.5,0.9,+0.5,+0.5,+0.5,0.09,6,0.17,0.33,3,50,16.8,0,Match Report
153,Leverkusen,2022-03-13,2.4,,Köln,de Bundesliga,L 0-1,0,1,-1,55,0,0,0,0,2.4,2.4,+1.9,+1.9,2.1,1.8,-2.4,-2.4,-2.1,0.16,15,0,0,3,20,16.9,2,Match Report
154,Eint Frankfurt,2022-03-13,1.8,,Bochum,de Bundesliga,W 2-1,2,1,+1,53,1,0,0,0,1.8,1.8,+0.7,+0.7,1.7,1.8,-0.8,-0.8,-0.7,0.13,14,0.07,0.25,4,28.6,15.3,1,Match Report
155,Hoffenheim,2022-03-12,1.7,,Bayern Munich,de Bundesliga,D 1-1,1,1,0,38,1,0,0,0,1.7,1.7,-1.2,-1.2,1.6,1.5,-0.7,-0.7,-0.6,0.19,9,0.11,0.17,6,66.7,13.2,0,Match Report
156,Bayern Munich,2022-03-12,2.9,@,Hoffenheim,de Bundesliga,D 1-1,1,1,0,62,1,0,0,0,2.9,2.9,+1.2,+1.2,1.8,1.9,-1.9,-1.9,-0.8,0.17,18,0.06,0.14,7,38.9,14.6,0,Match Report
157,Hertha BSC,2022-03-12,0.6,@,Gladbach,de Bundesliga,L 0-2,0,2,-2,47,0,0,0,0,0.6,0.6,-1.2,-0.4,0.5,0.7,-0.6,-0.6,-0.5,0.05,12,0,0,3,25,21.7,0,Match Report
158,Gladbach,2022-03-12,1.8,,Hertha BSC,de Bundesliga,W 2-0,2,0,+2,53,1,1,1,0,1.8,1,+1.2,+0.4,1,1.2,+0.2,0,0,0.08,12,0.08,0.25,4,33.3,15.1,0,Match Report
159,Wolfsburg,2022-03-12,1.3,@,Freiburg,de Bundesliga,L 2-3,2,3,-1,58,2,0,0,0,1.3,1.3,0,0,1.1,1.1,+0.7,+0.7,-0.1,0.11,12,0.17,0.4,5,41.7,19.5,0,Match Report
160,Stuttgart,2022-03-12,1,@,Union Berlin,de Bundesliga,D 1-1,1,1,0,56,1,0,0,0,1,1,-0.5,+0.3,1,0.9,0,0,0,0.09,11,0.09,0.33,3,27.3,17.9,0,Match Report
161,Union Berlin,2022-03-12,1.5,,Stuttgart,de Bundesliga,D 1-1,1,1,0,44,0,1,1,0,1.5,0.7,+0.5,-0.3,0.6,0.9,-0.5,-0.7,-0.6,0.07,11,0,0,2,18.2,19.1,0,Match Report
162,Freiburg,2022-03-12,1.3,,Wolfsburg,de Bundesliga,W 3-2,3,2,+1,42,3,0,0,0,1.3,1.3,0,0,1,1.2,+1.7,+1.7,+1.0,0.09,15,0.2,0.38,8,53.3,16.8,1,Match Report
163,Hoffenheim,2022-03-06,2.5,@,Köln,de Bundesliga,W 1-0,1,0,+1,44,1,0,0,0,2.5,2.5,+0.9,+0.9,2.7,1.7,-1.5,-1.5,-1.7,0.21,13,0.08,0.33,3,23.1,15,0,Match Report
164,Köln,2022-03-06,1.6,,Hoffenheim,de Bundesliga,L 0-1,0,1,-1,56,0,0,0,0,1.6,1.6,-0.9,-0.9,1.5,1.6,-1.6,-1.6,-1.5,0.16,10,0,0,4,40,12.6,0,Match Report
165,Bayern Munich,2022-03-05,1.6,,Leverkusen,de Bundesliga,D 1-1,1,1,0,68,1,0,0,0,1.6,1.6,-0.5,-0.5,1.4,1.8,-0.6,-0.6,-1.4,0.09,19,0.05,0.2,5,26.3,16.7,0,Match Report
166,Greuther Fürth,2022-03-05,0.7,@,Bochum,de Bundesliga,L 1-2,1,2,-1,55,0,0,0,0,0.7,0.7,-0.9,-0.9,0.3,0.5,-0.7,-0.7,-0.3,0.08,9,0,0,2,22.2,13.9,1,Match Report
167,Hertha BSC,2022-03-05,0.4,,Eint Frankfurt,de Bundesliga,L 1-4,1,4,-3,47,1,0,0,0,0.4,0.4,-0.7,-0.7,0.3,0.7,+0.6,+0.6,-0.3,0.04,10,0.1,0.25,4,40,17.1,1,Match Report
168,Gladbach,2022-03-05,0.9,@,Stuttgart,de Bundesliga,L 2-3,2,3,-1,43,2,0,0,0,0.9,0.9,-1.5,-1.5,0.7,1.5,+1.1,+1.1,+1.3,0.11,8,0.25,0.67,3,37.5,13.6,0,Match Report
169,Wolfsburg,2022-03-05,0.5,,Union Berlin,de Bundesliga,W 1-0,1,0,+1,46,0,0,0,0,0.5,0.5,-0.8,-0.8,0.4,0.5,-0.5,-0.5,-0.4,0.06,8,0,0,3,37.5,19.1,0,Match Report
170,Stuttgart,2022-03-05,2.4,,Gladbach,de Bundesliga,W 3-2,3,2,+1,57,3,0,0,0,2.4,2.4,+1.5,+1.5,1.6,1.7,+0.6,+0.6,-0.6,0.13,19,0.16,0.43,7,36.8,15.9,1,Match Report
171,Union Berlin,2022-03-05,1.2,@,Wolfsburg,de Bundesliga,L 0-1,0,1,-1,54,0,0,0,0,1.2,1.2,+0.8,+0.8,1,1.1,-1.2,-1.2,-1,0.07,19,0,0,4,21.1,16.1,0,Match Report
172,Freiburg,2022-03-05,0.4,@,RB Leipzig,de Bundesliga,D 1-1,1,1,0,29,1,0,0,0,0.4,0.4,-0.2,-0.2,0.1,0.1,+0.6,+0.6,-0.1,0.1,4,0.25,0.33,3,75,22.5,0,Match Report
173,RB Leipzig,2022-03-05,0.6,,Freiburg,de Bundesliga,D 1-1,1,1,0,71,1,0,0,0,0.6,0.6,+0.2,+0.2,0.5,1.5,+0.4,+0.4,+0.5,0.04,14,0.07,0.17,6,42.9,17.3,0,Match Report
174,Bochum,2022-03-05,1.6,,Greuther Fürth,de Bundesliga,W 2-1,2,1,+1,45,2,0,0,0,1.6,1.6,+0.9,+0.9,0.3,0.6,+0.4,+0.4,-0.3,0.11,14,0.14,0.29,7,50,18.8,1,Match Report
175,Leverkusen,2022-03-05,2.1,@,Bayern Munich,de Bundesliga,D 1-1,1,1,0,32,0,0,0,0,2.1,2.1,+0.5,+0.5,1.5,1.3,-2.1,-2.1,-1.5,0.24,9,0,0,2,22.2,13,0,Match Report
176,Eint Frankfurt,2022-03-05,1.2,@,Hertha BSC,de Bundesliga,W 4-1,4,1,+3,53,4,0,0,0,1.2,1.2,+0.7,+0.7,0.9,1.2,+2.8,+2.8,+2.1,0.1,12,0.33,0.67,6,50,17,1,Match Report
177,Augsburg,2022-03-04,0.5,@,Arminia,de Bundesliga,W 1-0,1,0,+1,50,1,0,0,0,0.5,0.5,+0.3,+0.3,0.2,0.6,+0.5,+0.5,+0.8,0.07,7,0.14,1,1,14.3,18.2,0,Match Report
178,Arminia,2022-03-04,0.2,,Augsburg,de Bundesliga,L 0-1,0,1,-1,50,0,0,0,0,0.2,0.2,-0.3,-0.3,0.1,0.6,-0.2,-0.2,-0.1,0.03,5,0,0,1,20,26.9,0,Match Report
179,Augsburg,2022-02-27,0.8,,Dortmund,de Bundesliga,D 1-1,1,1,0,36,1,0,0,0,0.8,0.8,+0.2,+0.2,0.4,0.5,+0.2,+0.2,+0.6,0.11,8,0.13,0.33,3,37.5,12.3,0,Match Report
180,RB Leipzig,2022-02-27,0.7,@,Bochum,de Bundesliga,W 1-0,1,0,+1,49,1,0,0,0,0.7,0.7,-0.1,-0.1,0.7,0.8,+0.3,+0.3,+0.3,0.12,6,0.17,1,1,16.7,15.4,0,Match Report
181,Dortmund,2022-02-27,0.6,@,Augsburg,de Bundesliga,D 1-1,1,1,0,64,1,0,0,0,0.6,0.6,-0.2,-0.2,0.6,0.5,+0.4,+0.4,+0.4,0.06,10,0.1,0.17,6,60,19.5,1,Match Report
182,Bochum,2022-02-27,0.8,,RB Leipzig,de Bundesliga,L 0-1,0,1,-1,51,0,0,0,0,0.8,0.8,+0.1,+0.1,0.6,0.7,-0.8,-0.8,-0.6,0.06,14,0,0,1,7.1,18.7,0,Match Report
183,Bayern Munich,2022-02-26,2.4,@,Eint Frankfurt,de Bundesliga,W 1-0,1,0,+1,68,1,0,0,0,2.4,2.4,+1.5,+1.5,1.9,2.5,-1.4,-1.4,-0.9,0.12,21,0.05,0.11,9,42.9,17.2,0,Match Report
184,Greuther Fürth,2022-02-26,0.7,,Köln,de Bundesliga,D 1-1,1,1,0,41,1,0,0,0,0.7,0.7,+0.1,+0.1,0.5,0.5,+0.3,+0.3,+0.5,0.06,12,0.08,0.2,5,41.7,16.7,0,Match Report
185,Arminia,2022-02-26,0.4,@,Leverkusen,de Bundesliga,L 0-3,0,3,-3,29,0,0,0,0,0.4,0.4,-1.7,-1.7,0.3,0.4,-0.4,-0.4,-0.3,0.05,9,0,0,3,33.3,24.1,0,Match Report
186,Hertha BSC,2022-02-26,1.3,@,Freiburg,de Bundesliga,L 0-3,0,3,-3,42,0,0,0,0,1.3,1.3,-1.3,-0.5,1,1,-1.3,-1.3,-1,0.07,18,0,0,2,11.1,14.5,1,Match Report
187,Gladbach,2022-02-26,2.4,,Wolfsburg,de Bundesliga,D 2-2,2,2,0,66,2,0,0,0,2.4,2.4,+1.0,+1.0,1.8,2.3,-0.4,-0.4,+0.2,0.09,26,0.08,0.2,10,38.5,14.4,0,Match Report
188,Wolfsburg,2022-02-26,1.4,@,Gladbach,de Bundesliga,D 2-2,2,2,0,34,2,0,0,0,1.4,1.4,-1,-1,1.4,1,+0.6,+0.6,+0.6,0.23,6,0.33,1,2,33.3,12,0,Match Report
189,Union Berlin,2022-02-26,1,,Mainz 05,de Bundesliga,W 3-1,3,1,+2,49,3,0,0,0,1,1,0,0,0.9,0.7,+2.0,+2.0,+1.1,0.16,6,0.5,1,3,50,18.3,0,Match Report
190,Mainz 05,2022-02-26,1,@,Union Berlin,de Bundesliga,L 1-3,1,3,-2,51,1,0,0,0,1,1,0,0,0.6,1.2,0,0,+0.4,0.07,15,0.07,1,1,6.7,20.3,2,Match Report
191,Freiburg,2022-02-26,2.6,,Hertha BSC,de Bundesliga,W 3-0,3,0,+3,58,2,1,1,0,2.6,1.8,+1.3,+0.5,1,1.8,+0.4,+0.2,0,0.14,15,0.13,0.5,4,26.7,15.7,2,Match Report
192,Köln,2022-02-26,0.6,@,Greuther Fürth,de Bundesliga,D 1-1,1,1,0,59,1,0,0,0,0.6,0.6,-0.1,-0.1,0.6,1,+0.4,+0.4,+0.4,0.03,18,0.06,0.25,4,22.2,20.1,1,Match Report
193,Leverkusen,2022-02-26,2.1,,Arminia,de Bundesliga,W 3-0,3,0,+3,71,3,0,0,0,2.1,2.1,+1.7,+1.7,1.9,3.3,+0.9,+0.9,-1.9,0.11,21,0.14,0.33,9,42.9,16.4,0,Match Report
194,Eint Frankfurt,2022-02-26,0.9,,Bayern Munich,de Bundesliga,L 0-1,0,1,-1,32,0,0,0,0,0.9,0.9,-1.5,-1.5,0.9,0.7,-0.9,-0.9,-0.9,0.15,6,0,0,1,16.7,14.1,0,Match Report
195,Hoffenheim,2022-02-25,2.6,,Stuttgart,de Bundesliga,W 2-1,2,1,+1,55,2,0,0,0,2.6,2.6,+0.9,+0.9,2.1,3,-0.6,-0.6,-1.1,0.18,16,0.13,0.33,6,37.5,12.4,0,Match Report
196,Stuttgart,2022-02-25,1.7,@,Hoffenheim,de Bundesliga,L 1-2,1,2,-1,45,1,0,0,0,1.7,1.7,-0.9,-0.9,1.6,1.3,-0.7,-0.7,-0.6,0.13,13,0.08,0.25,4,30.8,16.2,0,Match Report
197,Bayern Munich,2022-02-20,1.8,,Greuther Fürth,de Bundesliga,W 4-1,4,1,+3,78,3,0,0,0,1.8,1.8,+1.0,+1.0,1.3,3.8,+1.2,+1.2,+1.7,0.09,20,0.15,0.38,8,40,17.6,1,Match Report
198,Greuther Fürth,2022-02-20,0.8,@,Bayern Munich,de Bundesliga,L 1-4,1,4,-3,22,1,0,0,0,0.8,0.8,-1,-1,0.3,0.3,+0.2,+0.2,-0.3,0.1,8,0.13,0.33,3,37.5,18.9,1,Match Report
199,Hertha BSC,2022-02-20,1,,RB Leipzig,de Bundesliga,L 1-6,1,6,-5,36,1,0,0,0,1,1,-2.4,-1.6,0.8,0.7,0,0,+0.2,0.13,8,0.13,0.25,4,50,15.3,1,Match Report
200,Gladbach,2022-02-20,0.9,@,Dortmund,de Bundesliga,L 0-6,0,6,-6,50,0,0,0,0,0.9,0.9,-3,-2.2,0.9,1.2,-0.9,-0.9,-0.9,0.11,8,0,0,4,50,15.6,0,Match Report
201,RB Leipzig,2022-02-20,3.4,@,Hertha BSC,de Bundesliga,W 6-1,6,1,+5,64,5,1,1,0,3.4,2.6,+2.4,+1.6,2.4,2.8,+2.6,+2.4,+0.6,0.16,17,0.29,0.56,9,52.9,16.2,1,Match Report
202,Dortmund,2022-02-20,3.8,,Gladbach,de Bundesliga,W 6-0,6,0,+6,50,5,1,1,0,3.8,3.1,+3.0,+2.2,2.1,1.4,+2.2,+1.9,+1.9,0.21,15,0.33,0.56,9,60,18.9,1,Match Report
203,Hoffenheim,2022-02-19,1.5,@,Wolfsburg,de Bundesliga,W 2-1,2,1,+1,45,2,0,0,0,1.5,1.5,0,0,1.3,1.5,+0.5,+0.5,+0.7,0.14,11,0.18,0.5,4,36.4,14.6,0,Match Report
204,Augsburg,2022-02-19,1.1,,Freiburg,de Bundesliga,L 1-2,1,2,-1,54,1,0,0,0,1.1,1.1,-1,-1,1,1,-0.1,-0.1,0,0.06,17,0.06,0.25,4,23.5,19.5,0,Match Report
205,Arminia,2022-02-19,0.8,,Union Berlin,de Bundesliga,W 1-0,1,0,+1,42,1,0,0,0,0.8,0.8,-0.1,-0.1,0.6,0.5,+0.2,+0.2,+0.4,0.07,12,0.08,0.5,2,16.7,19.4,1,Match Report
206,Wolfsburg,2022-02-19,1.5,,Hoffenheim,de Bundesliga,L 1-2,1,2,-1,55,1,0,0,0,1.5,1.5,0,0,1.3,1.2,-0.5,-0.5,-0.3,0.11,14,0.07,0.17,6,42.9,18.3,0,Match Report
207,Stuttgart,2022-02-19,1.2,,Bochum,de Bundesliga,D 1-1,1,1,0,55,0,0,0,0,1.2,1.2,-0.9,-0.1,1.1,1,-1.2,-1.2,-1.1,0.08,16,0,0,7,43.8,20.9,0,Match Report
208,Union Berlin,2022-02-19,0.9,@,Arminia,de Bundesliga,L 0-1,0,1,-1,58,0,0,0,0,0.9,0.9,+0.1,+0.1,0.7,0.6,-0.9,-0.9,-0.7,0.09,10,0,0,3,30,14.3,0,Match Report
209,Freiburg,2022-02-19,2,@,Augsburg,de Bundesliga,W 2-1,2,1,+1,46,2,0,0,0,2,2,+1.0,+1.0,0.8,0.7,0,0,+0.2,0.13,16,0.13,0.4,5,31.3,18.6,3,Match Report
210,Bochum,2022-02-19,2,@,Stuttgart,de Bundesliga,D 1-1,1,1,0,45,0,1,1,0,2,1.3,+0.9,+0.1,1.2,1.7,-1,-1.3,-1.2,0.11,11,0,0,3,27.3,22.4,0,Match Report
211,Köln,2022-02-19,1.1,,Eint Frankfurt,de Bundesliga,W 1-0,1,0,+1,58,1,0,0,0,1.1,1.1,+0.5,+0.5,1,1.1,-0.1,-0.1,0,0.08,13,0.08,0.13,8,61.5,16.7,1,Match Report
212,Eint Frankfurt,2022-02-19,0.6,@,Köln,de Bundesliga,L 0-1,0,1,-1,42,0,0,0,0,0.6,0.6,-0.5,-0.5,0.6,0.9,-0.6,-0.6,-0.6,0.06,10,0,0,2,20,19.5,0,Match Report
213,Mainz 05,2022-02-18,0.9,,Leverkusen,de Bundesliga,W 3-2,3,2,+1,41,3,0,0,0,0.9,0.9,-0.1,-0.1,0.5,1.2,+2.1,+2.1,-0.5,0.05,18,0.17,0.6,5,27.8,18.4,1,Match Report
214,Leverkusen,2022-02-18,1,@,Mainz 05,de Bundesliga,L 2-3,2,3,-1,59,2,0,0,0,1,1,+0.1,+0.1,1,1.4,+1.0,+1.0,+1.0,0.14,7,0.29,0.33,6,85.7,16.1,0,Match Report
215,Hoffenheim,2022-02-13,2.8,,Arminia,de Bundesliga,W 2-0,2,0,+2,53,2,0,0,0,2.8,2.8,+1.8,+1.8,2.5,3.7,-0.8,-0.8,-0.5,0.12,24,0.08,0.25,8,33.3,11.7,0,Match Report
216,Arminia,2022-02-13,0.9,@,Hoffenheim,de Bundesliga,L 0-2,0,2,-2,47,0,0,0,0,0.9,0.9,-1.8,-1.8,0.8,0.5,-0.9,-0.9,-0.8,0.13,8,0,0,3,37.5,18.4,1,Match Report
217,Union Berlin,2022-02-13,1.2,,Dortmund,de Bundesliga,L 0-3,0,3,-3,40,0,0,0,0,1.2,1.2,-1,-1,1.1,2.1,-1.2,-1.2,-1.1,0.11,11,0,0,2,18.2,16.2,0,Match Report
218,Dortmund,2022-02-13,2.2,@,Union Berlin,de Bundesliga,W 3-0,3,0,+3,60,3,0,0,0,2.2,2.2,+1.0,+1.0,1.7,1,+0.8,+0.8,+0.3,0.25,10,0.3,0.5,6,60,14.4,1,Match Report
219,Bayern Munich,2022-02-12,1.9,@,Bochum,de Bundesliga,L 2-4,2,4,-2,64,2,0,0,0,1.9,1.9,+0.5,+1.3,1.2,1.3,+0.1,+0.1,-0.2,0.09,21,0.1,0.5,4,19,17.4,2,Match Report
220,Augsburg,2022-02-12,1.6,@,Gladbach,de Bundesliga,L 2-3,2,3,-1,43,2,0,0,0,1.6,1.6,-0.7,-0.7,1.4,1.1,+0.4,+0.4,+0.6,0.11,15,0.13,0.33,6,40,14.1,0,Match Report
221,Greuther Fürth,2022-02-12,2.4,,Hertha BSC,de Bundesliga,W 2-1,2,1,+1,40,1,1,1,0,2.4,1.6,+0.3,-0.5,1.3,1.2,-0.4,-0.6,-0.3,0.1,17,0.06,0.25,4,23.5,16,1,Match Report
222,Hertha BSC,2022-02-12,2.1,@,Greuther Fürth,de Bundesliga,L 1-2,1,2,-1,60,1,0,0,0,2.1,2.1,-0.3,+0.5,1.7,1.8,-1.1,-1.1,-0.7,0.08,26,0.04,0.14,7,26.9,15.8,1,Match Report
223,Gladbach,2022-02-12,2.4,,Augsburg,de Bundesliga,W 3-2,3,2,+1,57,3,0,0,0,2.4,2.4,+0.7,+0.7,2.4,3.2,+0.6,+0.6,+0.6,0.17,14,0.21,0.6,5,35.7,13.9,0,Match Report
224,Wolfsburg,2022-02-12,1.5,@,Eint Frankfurt,de Bundesliga,W 2-0,2,0,+2,39,1,1,1,0,1.5,0.8,+0.5,-0.3,0.7,0.6,+0.5,+0.2,-0.7,0.08,10,0.1,0.5,2,20,18.9,0,Match Report
225,Stuttgart,2022-02-12,1,@,Leverkusen,de Bundesliga,L 2-4,2,4,-2,31,2,0,0,0,1,1,-0.9,-0.9,0.4,0.5,+1.0,+1.0,+0.6,0.13,8,0.25,0.5,4,50,13.7,0,Match Report
226,Mainz 05,2022-02-12,2.3,@,Freiburg,de Bundesliga,D 1-1,1,1,0,40,1,0,0,0,2.3,2.3,+0.5,+0.5,1.4,2.1,-1.3,-1.3,-1.4,0.13,20,0.05,0.2,5,25,19.3,1,Match Report
227,Freiburg,2022-02-12,1.7,,Mainz 05,de Bundesliga,D 1-1,1,1,0,60,1,0,0,0,1.7,1.7,-0.5,-0.5,1.1,1.2,-0.7,-0.7,-0.1,0.1,17,0.06,0.2,5,29.4,20.6,3,Match Report
228,Bochum,2022-02-12,1.4,,Bayern Munich,de Bundesliga,W 4-2,4,2,+2,36,3,1,1,0,1.4,0.6,-0.5,-1.3,0.6,0.4,+2.6,+2.4,+1.4,0.06,10,0.3,0.6,5,50,19.5,0,Match Report
229,Leverkusen,2022-02-12,1.9,,Stuttgart,de Bundesliga,W 4-2,4,2,+2,69,4,0,0,0,1.9,1.9,+0.9,+0.9,1.5,3.1,+2.1,+2.1,+1.5,0.1,20,0.2,0.67,6,30,18,0,Match Report
230,Eint Frankfurt,2022-02-12,1,,Wolfsburg,de Bundesliga,L 0-2,0,2,-2,61,0,0,0,0,1,1,-0.5,+0.3,0.9,1.3,-1,-1,-0.9,0.06,17,0,0,3,17.6,15.5,0,Match Report
231,RB Leipzig,2022-02-11,0.9,,Köln,de Bundesliga,W 3-1,3,1,+2,50,3,0,0,0,0.9,0.9,+0.1,+0.1,0.7,0.8,+2.1,+2.1,+1.3,0.15,6,0.5,0.75,4,66.7,18.4,1,Match Report
232,Köln,2022-02-11,0.9,@,RB Leipzig,de Bundesliga,L 1-3,1,3,-2,50,1,0,0,0,0.9,0.9,-0.1,-0.1,0.8,1.2,+0.1,+0.1,+0.2,0.1,9,0.11,0.5,2,22.2,17.2,0,Match Report
233,Greuther Fürth,2022-02-06,1.1,@,Wolfsburg,de Bundesliga,L 1-4,1,4,-3,44,0,1,1,0,1.1,0.3,-1.3,-2.1,0.2,0.4,-0.1,-0.3,-0.2,0.05,7,0,0,3,42.9,18.9,1,Match Report
234,Wolfsburg,2022-02-06,2.4,,Greuther Fürth,de Bundesliga,W 4-1,4,1,+3,56,4,0,0,0,2.4,2.4,+1.3,+2.1,1.4,1.2,+1.6,+1.6,-0.4,0.18,14,0.29,0.67,6,42.9,18.1,3,Match Report
235,Dortmund,2022-02-06,1.7,,Leverkusen,de Bundesliga,L 2-5,2,5,-3,64,1,0,0,0,1.7,1.7,-0.2,-0.2,0.6,0.8,-0.7,-0.7,-0.6,0.12,14,0.07,0.17,6,42.9,21.5,1,Match Report
236,Leverkusen,2022-02-06,2,@,Dortmund,de Bundesliga,W 5-2,5,2,+3,36,4,0,0,0,2,2,+0.2,+0.2,1.4,1.1,+2.0,+2.0,+0.6,0.2,10,0.4,0.67,6,60,12.4,1,Match Report
237,Hoffenheim,2022-02-05,1.6,@,Mainz 05,de Bundesliga,L 0-2,0,2,-2,59,0,0,0,0,1.6,1.6,-0.6,+0.2,1.6,2.1,-1.6,-1.6,-1.6,0.1,16,0,0,3,18.8,13.5,0,Match Report
238,Bayern Munich,2022-02-05,3.1,,RB Leipzig,de Bundesliga,W 3-2,3,2,+1,58,2,0,0,0,3.1,3.1,+0.9,+0.9,2.3,2.6,-1.1,-1.1,-1.3,0.14,23,0.09,0.29,7,30.4,17.3,1,Match Report
239,Augsburg,2022-02-05,1.8,,Union Berlin,de Bundesliga,W 2-0,2,0,+2,47,2,0,0,0,1.8,1.8,+0.1,+0.1,0.6,0.5,+0.2,+0.2,+0.4,0.15,14,0.14,0.29,7,50,18.5,0,Match Report
240,Arminia,2022-02-05,0.5,,Gladbach,de Bundesliga,D 1-1,1,1,0,39,1,0,0,0,0.5,0.5,-1.5,-1.5,0.3,0.3,+0.5,+0.5,+0.7,0.05,11,0.09,0.2,5,45.5,18.5,0,Match Report
241,Gladbach,2022-02-05,2,@,Arminia,de Bundesliga,D 1-1,1,1,0,61,1,0,0,0,2,2,+1.5,+1.5,0.8,1.2,-1,-1,+0.2,0.1,21,0.05,0.25,4,19,16.6,1,Match Report
242,Stuttgart,2022-02-05,1.5,,Eint Frankfurt,de Bundesliga,L 2-3,2,3,-1,52,2,0,0,0,1.5,1.5,+0.4,+0.4,1.5,1.8,+0.5,+0.5,+0.5,0.11,15,0.13,0.4,5,33.3,13.9,0,Match Report
243,Union Berlin,2022-02-05,1.7,@,Augsburg,de Bundesliga,L 0-2,0,2,-2,53,0,0,0,0,1.7,1.7,-0.1,-0.1,1.3,0.8,-1.7,-1.7,-1.3,0.12,14,0,0,4,28.6,16.3,0,Match Report
244,Mainz 05,2022-02-05,2.2,,Hoffenheim,de Bundesliga,W 2-0,2,0,+2,41,1,1,1,0,2.2,1.4,+0.6,-0.2,1.3,1,-0.2,-0.4,-0.3,0.16,9,0.11,0.33,3,33.3,17.2,1,Match Report
245,Freiburg,2022-02-05,0.7,@,Köln,de Bundesliga,L 0-1,0,1,-1,58,0,0,0,0,0.7,0.7,-0.3,-0.3,0.5,1.2,-0.7,-0.7,-0.5,0.05,15,0,0,2,13.3,20.9,1,Match Report
246,RB Leipzig,2022-02-05,2.1,@,Bayern Munich,de Bundesliga,L 2-3,2,3,-1,42,2,0,0,0,2.1,2.1,-0.9,-0.9,1.9,1.7,-0.1,-0.1,+0.1,0.19,12,0.17,0.29,7,58.3,13.2,0,Match Report
247,Köln,2022-02-05,1,,Freiburg,de Bundesliga,W 1-0,1,0,+1,42,1,0,0,0,1,1,+0.3,+0.3,1,0.9,0,0,0,0.09,12,0.08,0.33,3,25,16.8,0,Match Report
248,Eint Frankfurt,2022-02-05,1.1,@,Stuttgart,de Bundesliga,W 3-2,3,2,+1,48,3,0,0,0,1.1,1.1,-0.4,-0.4,1,1,+1.9,+1.9,+2.0,0.08,15,0.2,0.5,6,40,15.3,0,Match Report
249,Hertha BSC,2022-02-04,0.4,,Bochum,de Bundesliga,D 1-1,1,1,0,52,1,0,0,0,0.4,0.4,-0.7,-0.7,0.3,0.5,+0.6,+0.6,+0.7,0.03,13,0.08,0.33,3,23.1,24.2,0,Match Report
250,Bochum,2022-02-04,1.1,@,Hertha BSC,de Bundesliga,D 1-1,1,1,0,48,1,0,0,0,1.1,1.1,+0.7,+0.7,0.4,0.6,-0.1,-0.1,-0.4,0.12,10,0.1,0.33,3,30,17.4,0,Match Report
251,Bayern Munich,2022-01-23,5.5,@,Hertha BSC,de Bundesliga,W 4-1,4,1,+3,70,4,0,0,0,5.5,5.5,+4.6,+4.6,4.6,4.6,-1.5,-1.5,-4.6,0.18,30,0.13,0.22,18,60,15.2,0,Match Report
252,Hertha BSC,2022-01-23,0.9,,Bayern Munich,de Bundesliga,L 1-4,1,4,-3,30,1,0,0,0,0.9,0.9,-4.6,-4.6,0.8,0.9,+0.1,+0.1,-0.8,0.19,5,0.2,0.5,2,40,11.1,0,Match Report
253,Wolfsburg,2022-01-23,0.8,@,RB Leipzig,de Bundesliga,L 0-2,0,2,-2,47,0,0,0,0,0.8,0.8,-0.7,-0.7,0.7,0.6,-0.8,-0.8,-0.7,0.09,10,0,0,3,30,19.5,1,Match Report
254,RB Leipzig,2022-01-23,1.5,,Wolfsburg,de Bundesliga,W 2-0,2,0,+2,53,2,0,0,0,1.5,1.5,+0.7,+0.7,1,1.1,+0.5,+0.5,0,0.14,11,0.18,0.67,3,27.3,21.7,1,Match Report
255,Hoffenheim,2022-01-22,1.7,,Dortmund,de Bundesliga,L 2-3,2,3,-1,58,2,0,0,0,1.7,1.7,+0.2,+0.2,1.4,1.9,+0.3,+0.3,+0.6,0.11,16,0.13,0.67,3,18.8,16.5,1,Match Report
256,Augsburg,2022-01-22,1.5,@,Leverkusen,de Bundesliga,L 1-5,1,5,-4,34,1,0,0,0,1.5,1.5,-1.3,-1.3,0.8,1.3,-0.5,-0.5,-0.8,0.11,14,0.07,0.2,5,35.7,18,1,Match Report
257,Greuther Fürth,2022-01-22,1.3,,Mainz 05,de Bundesliga,W 2-1,2,1,+1,42,1,0,0,0,1.3,1.3,-0.4,-0.4,1.2,0.9,-0.3,-0.3,-0.2,0.14,9,0.11,0.2,5,55.6,21.3,2,Match Report
258,Gladbach,2022-01-22,1.5,,Union Berlin,de Bundesliga,L 1-2,1,2,-1,59,1,0,0,0,1.5,1.5,+0.4,+1.1,0.5,0.9,-0.5,-0.5,+0.5,0.14,11,0.09,0.2,5,45.5,20.3,1,Match Report
259,Stuttgart,2022-01-22,0.3,@,Freiburg,de Bundesliga,L 0-2,0,2,-2,50,0,0,0,0,0.3,0.3,-1.3,-1.3,0.3,1.1,-0.3,-0.3,-0.3,0.05,6,0,0,1,16.7,19,0,Match Report
260,Union Berlin,2022-01-22,1.1,@,Gladbach,de Bundesliga,W 2-1,2,1,+1,41,1,1,1,0,1.1,0.3,-0.4,-1.1,0.3,0.3,+0.9,+0.7,+0.7,0.07,5,0.2,0.5,2,40,16.9,0,Match Report
261,Mainz 05,2022-01-22,1.7,@,Greuther Fürth,de Bundesliga,L 1-2,1,2,-1,58,1,0,0,0,1.7,1.7,+0.4,+0.4,1.5,2.2,-0.7,-0.7,-0.5,0.1,18,0.06,0.2,5,27.8,16.4,1,Match Report
262,Freiburg,2022-01-22,1.6,,Stuttgart,de Bundesliga,W 2-0,2,0,+2,50,1,0,0,0,1.6,1.6,+1.3,+1.3,1.1,1.3,-0.6,-0.6,-0.1,0.11,15,0.07,0.25,4,26.7,16.4,0,Match Report
263,Dortmund,2022-01-22,1.6,@,Hoffenheim,de Bundesliga,W 3-2,3,2,+1,42,2,0,0,0,1.6,1.6,-0.2,-0.2,1.6,0.9,+0.4,+0.4,+0.4,0.39,4,0.5,1,2,50,14.9,0,Match Report
264,Bochum,2022-01-22,1.8,,Köln,de Bundesliga,D 2-2,2,2,0,54,2,0,0,0,1.8,1.8,+0.7,+0.7,1.7,1.4,+0.2,+0.2,+0.3,0.11,17,0.12,0.29,7,41.2,17.9,0,Match Report
265,Köln,2022-01-22,1.1,@,Bochum,de Bundesliga,D 2-2,2,2,0,46,2,0,0,0,1.1,1.1,-0.7,-0.7,0.6,0.6,+0.9,+0.9,+0.4,0.14,8,0.25,0.67,3,37.5,14.2,0,Match Report
266,Leverkusen,2022-01-22,2.8,,Augsburg,de Bundesliga,W 5-1,5,1,+4,66,5,0,0,0,2.8,2.8,+1.3,+1.3,2.1,2.5,+2.2,+2.2,+1.9,0.13,22,0.23,0.42,12,54.5,15,0,Match Report
267,Arminia,2022-01-21,1.3,@,Eint Frankfurt,de Bundesliga,W 2-0,2,0,+2,32,2,0,0,0,1.3,1.3,-0.6,-0.6,0.5,0.9,+0.7,+0.7,+0.5,0.16,8,0.25,0.4,5,62.5,14.1,0,Match Report
268,Eint Frankfurt,2022-01-21,1.9,,Arminia,de Bundesliga,L 0-2,0,2,-2,68,0,0,0,0,1.9,1.9,+0.6,+0.6,1,1.2,-1.9,-1.9,-1,0.11,18,0,0,7,38.9,13.2,0,Match Report
269,Augsburg,2022-01-16,1,,Eint Frankfurt,de Bundesliga,D 1-1,1,1,0,49,1,0,0,0,1,1,-1.6,-1.6,0.8,0.9,0,0,+0.2,0.1,10,0.1,0.25,4,40,16.8,0,Match Report
270,Greuther Fürth,2022-01-16,0.7,@,Arminia,de Bundesliga,D 2-2,2,2,0,55,2,0,0,0,0.7,0.7,+0.1,+0.1,0.6,0.8,+1.3,+1.3,+1.4,0.11,6,0.33,0.67,3,50,16.1,1,Match Report
271,Arminia,2022-01-16,0.5,,Greuther Fürth,de Bundesliga,D 2-2,2,2,0,45,2,0,0,0,0.5,0.5,-0.1,-0.1,0.4,0.5,+1.5,+1.5,+0.6,0.04,13,0.15,0.4,5,38.5,19.9,0,Match Report
272,Eint Frankfurt,2022-01-16,2.6,@,Augsburg,de Bundesliga,D 1-1,1,1,0,51,1,0,0,0,2.6,2.6,+1.6,+1.6,1.9,1,-1.6,-1.6,-0.9,0.19,14,0.07,0.25,4,28.6,17,2,Match Report
273,Hoffenheim,2022-01-15,0.8,@,Union Berlin,de Bundesliga,L 1-2,1,2,-1,58,0,0,0,0,0.8,0.8,-0.5,-0.5,0.7,0.8,-0.8,-0.8,-0.7,0.08,11,0,0,4,36.4,17.3,1,Match Report
274,Bayern Munich,2022-01-15,3.3,@,Köln,de Bundesliga,W 4-0,4,0,+4,51,4,0,0,0,3.3,3.3,+2.2,+2.2,3.2,3.8,+0.7,+0.7,+0.8,0.14,23,0.17,0.44,9,39.1,13.3,0,Match Report
275,Hertha BSC,2022-01-15,0.3,@,Wolfsburg,de Bundesliga,D 0-0,0,0,0,52,0,0,0,0,0.3,0.3,-1.4,-1.4,0.2,0.3,-0.3,-0.3,-0.2,0.05,6,0,0,1,16.7,15.8,0,Match Report
276,Gladbach,2022-01-15,1.2,,Leverkusen,de Bundesliga,L 1-2,1,2,-1,54,1,0,0,0,1.2,1.2,-4.1,-2.4,0.6,1.1,-0.2,-0.2,-0.6,0.07,17,0.06,0.17,6,35.3,18.7,2,Match Report
277,Wolfsburg,2022-01-15,1.7,,Hertha BSC,de Bundesliga,D 0-0,0,0,0,48,0,0,0,0,1.7,1.7,+1.4,+1.4,1.6,1.6,-1.7,-1.7,-1.6,0.19,9,0,0,3,33.3,15.1,0,Match Report
278,Stuttgart,2022-01-15,1,,RB Leipzig,de Bundesliga,L 0-2,0,2,-2,51,0,0,0,0,1,1,-0.5,+0.3,0.8,1,-1,-1,-0.8,0.06,16,0,0,8,50,16.3,0,Match Report
279,Union Berlin,2022-01-15,1.3,,Hoffenheim,de Bundesliga,W 2-1,2,1,+1,42,2,0,0,0,1.3,1.3,+0.5,+0.5,0.9,1,+0.7,+0.7,+0.1,0.15,9,0.22,0.5,4,44.4,9.6,0,Match Report
280,Mainz 05,2022-01-15,1.7,,Bochum,de Bundesliga,W 1-0,1,0,+1,53,1,0,0,0,1.7,1.7,+0.2,+1.0,1.4,1.1,-0.7,-0.7,-0.4,0.09,19,0.05,0.2,5,26.3,19.4,0,Match Report
281,RB Leipzig,2022-01-15,1.5,@,Stuttgart,de Bundesliga,W 2-0,2,0,+2,49,1,1,1,0,1.5,0.7,+0.5,-0.3,0.7,1.4,+0.5,+0.3,+0.3,0.12,6,0.17,0.5,2,33.3,18.8,0,Match Report
282,Bochum,2022-01-15,1.5,@,Mainz 05,de Bundesliga,L 0-1,0,1,-1,47,0,0,1,1,1.5,0.7,-0.2,-1,0.6,1,-1.5,-0.7,-0.6,0.06,11,0,0,3,27.3,15.3,0,Match Report
283,Köln,2022-01-15,1,,Bayern Munich,de Bundesliga,L 0-4,0,4,-4,49,0,0,0,0,1,1,-2.2,-2.2,0.9,1.2,-1,-1,-0.9,0.09,12,0,0,3,25,15.5,0,Match Report
284,Leverkusen,2022-01-15,5.3,@,Gladbach,de Bundesliga,W 2-1,2,1,+1,46,2,0,2,2,5.3,3.6,+4.1,+2.4,3.3,2.2,-3.3,-1.6,-1.3,0.13,30,0.07,0.17,12,40,15,0,Match Report
285,Freiburg,2022-01-14,0.9,@,Dortmund,de Bundesliga,L 1-5,1,5,-4,34,1,0,0,0,0.9,0.9,-1.5,-1.5,0.2,0.5,+0.1,+0.1,-0.2,0.18,5,0.2,0.25,4,80,12.6,0,Match Report
286,Dortmund,2022-01-14,2.4,,Freiburg,de Bundesliga,W 5-1,5,1,+4,66,5,0,0,0,2.4,2.4,+1.5,+1.5,2.3,2.3,+2.6,+2.6,+2.7,0.12,20,0.25,0.71,7,35,14,1,Match Report
287,Hertha BSC,2022-01-09,1.2,,Köln,de Bundesliga,L 1-3,1,3,-2,53,1,0,0,0,1.2,1.2,-0.1,-0.1,1.1,0.8,-0.2,-0.2,-1.1,0.11,11,0.09,0.2,5,45.5,15.9,1,Match Report
288,Wolfsburg,2022-01-09,0.4,@,Bochum,de Bundesliga,L 0-1,0,1,-1,50,0,0,0,0,0.4,0.4,-0.5,-0.5,0.3,0.3,-0.4,-0.4,-0.3,0.03,12,0,0,3,25,22.9,0,Match Report
289,Bochum,2022-01-09,0.9,,Wolfsburg,de Bundesliga,W 1-0,1,0,+1,50,1,0,0,0,0.9,0.9,+0.5,+0.5,0.6,0.6,+0.1,+0.1,-0.6,0.07,12,0.08,0.33,3,25,18.3,0,Match Report
290,Köln,2022-01-09,1.2,@,Hertha BSC,de Bundesliga,W 3-1,3,1,+2,47,3,0,0,0,1.2,1.2,+0.1,+0.1,1,1.4,+1.8,+1.8,0,0.09,14,0.21,0.43,7,50,15.7,0,Match Report
291,Hoffenheim,2022-01-08,2.2,,Augsburg,de Bundesliga,W 3-1,3,1,+2,58,3,0,0,0,2.2,2.2,+1.3,+1.3,1.6,3,+0.8,+0.8,+0.4,0.17,13,0.23,0.6,5,38.5,13.8,0,Match Report
292,Augsburg,2022-01-08,0.9,@,Hoffenheim,de Bundesliga,L 1-3,1,3,-2,42,1,0,0,0,0.9,0.9,-1.3,-1.3,0.8,1,+0.1,+0.1,+0.2,0.09,10,0.1,0.33,3,30,20.8,0,Match Report
293,Greuther Fürth,2022-01-08,0.9,,Stuttgart,de Bundesliga,D 0-0,0,0,0,39,0,0,0,0,0.9,0.9,-1,-1,0.6,0.6,-0.9,-0.9,-0.6,0.09,10,0,0,2,20,20,0,Match Report
294,Arminia,2022-01-08,1,@,Freiburg,de Bundesliga,D 2-2,2,2,0,51,2,0,0,0,1,1,-0.8,-0.8,0.7,0.9,+1.0,+1.0,+1.3,0.07,15,0.13,0.4,5,33.3,17.3,0,Match Report
295,Stuttgart,2022-01-08,1.9,@,Greuther Fürth,de Bundesliga,D 0-0,0,0,0,61,0,0,0,0,1.9,1.9,+1.0,+1.0,1.5,1.4,-1.9,-1.9,-1.5,0.11,17,0,0,2,11.8,15.8,1,Match Report
296,Union Berlin,2022-01-08,2.7,@,Leverkusen,de Bundesliga,D 2-2,2,2,0,36,2,0,0,0,2.7,2.7,+1.1,+1.1,1.6,0.5,-0.7,-0.7,-0.6,0.16,19,0.11,0.29,7,36.8,14.3,0,Match Report
297,Mainz 05,2022-01-08,0.3,@,RB Leipzig,de Bundesliga,L 1-4,1,4,-3,32,1,0,0,0,0.3,0.3,-2.5,-2.4,0.3,0.3,+0.7,+0.7,+0.7,0.15,2,0.5,1,1,50,13.1,1,Match Report
298,Freiburg,2022-01-08,1.8,,Arminia,de Bundesliga,D 2-2,2,2,0,49,2,0,0,0,1.8,1.8,+0.8,+0.8,1.5,1.8,+0.2,+0.2,-0.5,0.11,18,0.11,0.4,5,27.8,15.5,1,Match Report
299,RB Leipzig,2022-01-08,2.9,,Mainz 05,de Bundesliga,W 4-1,4,1,+3,68,3,1,1,0,2.9,2.7,+2.5,+2.4,2.2,1.5,+1.1,+0.3,+0.8,0.21,14,0.21,0.5,6,42.9,19.3,1,Match Report
300,Dortmund,2022-01-08,2,@,Eint Frankfurt,de Bundesliga,W 3-2,3,2,+1,64,3,0,0,0,2,2,+0.6,+0.6,1.4,1.6,+1.0,+1.0,+0.6,0.1,20,0.15,0.38,8,40,14.1,0,Match Report
301,Leverkusen,2022-01-08,1.6,,Union Berlin,de Bundesliga,D 2-2,2,2,0,64,2,0,0,0,1.6,1.6,-1.1,-1.1,1.6,1.4,+0.4,+0.4,-0.6,0.09,19,0.11,0.25,8,42.1,15.3,0,Match Report
302,Eint Frankfurt,2022-01-08,1.4,,Dortmund,de Bundesliga,L 2-3,2,3,-1,36,2,0,0,0,1.4,1.4,-0.6,-0.6,0.9,0.7,+0.6,+0.6,+0.1,0.12,12,0.17,0.4,5,41.7,17.4,0,Match Report
303,Bayern Munich,2022-01-07,1.9,,Gladbach,de Bundesliga,L 1-2,1,2,-1,62,1,0,0,0,1.9,1.9,+0.9,+0.9,1.3,1.7,-0.9,-0.9,-0.3,0.11,18,0.06,0.17,6,33.3,18,1,Match Report
304,Gladbach,2022-01-07,1,@,Bayern Munich,de Bundesliga,W 2-1,2,1,+1,38,2,0,0,0,1,1,-0.9,-0.9,0.6,0.7,+1.0,+1.0,+0.4,0.1,10,0.2,0.5,4,40,13,0,Match Report
305,Stuttgart,2021-12-19,0.4,@,Köln,de Bundesliga,L 0-1,0,1,-1,49,0,0,0,0,0.4,0.4,-1.5,-1.5,0.4,0.6,-0.4,-0.4,-0.4,0.08,5,0,0,1,20,14.2,0,Match Report
306,Freiburg,2021-12-19,2.1,,Leverkusen,de Bundesliga,W 2-1,2,1,+1,43,1,1,1,0,2.1,1.4,+1.3,+0.5,1.3,1.7,-0.1,-0.4,-0.3,0.1,14,0.07,0.25,4,28.6,16.2,0,Match Report
307,Köln,2021-12-19,2,,Stuttgart,de Bundesliga,W 1-0,1,0,+1,51,1,0,0,0,2,2,+1.5,+1.5,1.9,1.4,-1,-1,-0.9,0.2,10,0.1,0.33,3,30,13.4,0,Match Report
308,Leverkusen,2021-12-19,0.8,@,Freiburg,de Bundesliga,L 1-2,1,2,-1,57,1,0,0,0,0.8,0.8,-1.3,-0.5,0.7,0.7,+0.2,+0.2,+0.3,0.14,7,0.14,0.25,4,57.1,15,0,Match Report
309,Hoffenheim,2021-12-18,2.1,,Gladbach,de Bundesliga,D 1-1,1,1,0,60,1,0,0,0,2.1,2.1,+0.8,+0.8,1.9,2.4,-1.1,-1.1,-0.9,0.1,22,0.05,0.14,7,31.8,14.8,1,Match Report
310,Augsburg,2021-12-18,1.2,@,Greuther Fürth,de Bundesliga,D 0-0,0,0,0,52,0,0,0,0,1.2,1.2,+1.1,+1.1,1.2,1.4,-1.2,-1.2,-1.2,0.08,14,0,0,4,28.6,13.2,0,Match Report
311,Greuther Fürth,2021-12-18,0.1,,Augsburg,de Bundesliga,D 0-0,0,0,0,48,0,0,0,0,0.1,0.1,-1.1,-1.1,0,0.3,-0.1,-0.1,0,0.02,3,0,0,1,33.3,24.5,0,Match Report
312,Arminia,2021-12-18,0.8,@,RB Leipzig,de Bundesliga,W 2-0,2,0,+2,23,2,0,0,0,0.8,0.8,-0.8,-0.8,0.6,0.5,+1.2,+1.2,+0.4,0.23,4,0.5,0.5,4,100,12.1,0,Match Report
313,Hertha BSC,2021-12-18,1.2,,Dortmund,de Bundesliga,W 3-2,3,2,+1,41,3,0,0,0,1.2,1.2,-0.1,-0.1,0.7,0.4,+1.8,+1.8,+1.3,0.09,13,0.23,0.6,5,38.5,18.1,1,Match Report
314,Gladbach,2021-12-18,1.3,@,Hoffenheim,de Bundesliga,D 1-1,1,1,0,40,1,0,0,0,1.3,1.3,-0.8,-0.8,0.7,0.2,-0.3,-0.3,-0.7,0.15,11,0.09,0.2,5,45.5,16.8,0,Match Report
315,Union Berlin,2021-12-18,0.8,@,Bochum,de Bundesliga,W 1-0,1,0,+1,45,1,0,0,0,0.8,0.8,-0.3,-0.3,0.8,0.8,+0.2,+0.2,+0.2,0.09,9,0.11,0.33,3,33.3,15.1,0,Match Report
316,Mainz 05,2021-12-18,0.6,@,Eint Frankfurt,de Bundesliga,L 0-1,0,1,-1,49,0,0,0,0,0.6,0.6,-1.2,-1.2,0.5,0.9,-0.6,-0.6,-0.5,0.05,11,0,0,5,45.5,20.5,0,Match Report
317,RB Leipzig,2021-12-18,1.6,,Arminia,de Bundesliga,L 0-2,0,2,-2,77,0,0,0,0,1.6,1.6,+0.8,+0.8,1.3,2.9,-1.6,-1.6,-1.3,0.1,17,0,0,4,23.5,13.8,1,Match Report
318,Dortmund,2021-12-18,1.3,@,Hertha BSC,de Bundesliga,L 2-3,2,3,-1,59,2,0,0,0,1.3,1.3,+0.1,+0.1,0.9,1.2,+0.7,+0.7,+0.1,0.12,11,0.18,0.5,4,36.4,13.6,0,Match Report
319,Bochum,2021-12-18,1.1,,Union Berlin,de Bundesliga,L 0-1,0,1,-1,55,0,0,0,0,1.1,1.1,+0.3,+0.3,0.4,0.8,-1.1,-1.1,-0.4,0.09,13,0,0,3,23.1,17.7,1,Match Report
320,Eint Frankfurt,2021-12-18,1.8,,Mainz 05,de Bundesliga,W 1-0,1,0,+1,51,1,0,0,0,1.8,1.8,+1.2,+1.2,1.4,1.5,-0.8,-0.8,-0.4,0.13,14,0.07,0.25,4,28.6,17.8,0,Match Report
321,Bayern Munich,2021-12-17,3.6,,Wolfsburg,de Bundesliga,W 4-0,4,0,+4,63,4,0,0,0,3.6,3.6,+2.6,+2.6,2.3,3.2,+0.4,+0.4,+0.7,0.15,25,0.16,0.44,9,36,17.2,0,Match Report
322,Wolfsburg,2021-12-17,1,@,Bayern Munich,de Bundesliga,L 0-4,0,4,-4,37,0,0,0,0,1,1,-2.6,-2.6,0.8,0.8,-1,-1,-0.8,0.13,9,0,0,2,22.2,12.1,0,Match Report
323,Hoffenheim,2021-12-15,2,@,Leverkusen,de Bundesliga,D 2-2,2,2,0,54,2,0,0,0,2,2,-0.2,-0.2,1.2,1.4,0,0,-0.2,0.12,18,0.11,0.33,6,33.3,13.5,0,Match Report
324,Augsburg,2021-12-15,1.2,,RB Leipzig,de Bundesliga,D 1-1,1,1,0,32,0,1,1,0,1.2,0.4,-1,-1.7,0.4,0.6,-0.2,-0.4,-0.4,0.05,8,0,,0,0,16.5,0,Match Report
325,Greuther Fürth,2021-12-15,0.4,@,Dortmund,de Bundesliga,L 0-3,0,3,-3,32,0,0,0,0,0.4,0.4,-1.4,-0.6,0.3,0.3,-0.4,-0.4,-0.3,0.05,8,0,0,1,12.5,16.7,1,Match Report
326,Gladbach,2021-12-15,2,,Eint Frankfurt,de Bundesliga,L 2-3,2,3,-1,57,1,1,1,0,2,1.2,-0.3,-1.1,1.2,1.9,0,-0.2,-0.2,0.08,17,0.06,0.14,7,41.2,18.7,0,Match Report
327,Union Berlin,2021-12-15,1.7,,Freiburg,de Bundesliga,D 0-0,0,0,0,55,0,0,0,0,1.7,1.7,+0.5,+0.5,1.1,0.9,-1.7,-1.7,-1.1,0.1,19,0,0,4,21.1,15.9,0,Match Report
328,Freiburg,2021-12-15,1.2,@,Union Berlin,de Bundesliga,D 0-0,0,0,0,45,0,0,0,0,1.2,1.2,-0.5,-0.5,0.7,1.1,-1.2,-1.2,-0.7,0.1,12,0,0,3,25,17.3,0,Match Report
329,RB Leipzig,2021-12-15,2.2,@,Augsburg,de Bundesliga,D 1-1,1,1,0,68,1,0,0,0,2.2,2.2,+1.0,+1.7,2.1,2.2,-1.2,-1.2,-1.1,0.19,12,0.08,0.5,2,16.7,11.1,0,Match Report
330,Dortmund,2021-12-15,1.8,,Greuther Fürth,de Bundesliga,W 3-0,3,0,+3,68,2,1,1,0,1.8,1,+1.4,+0.6,0.8,1.3,+1.2,+1.0,+1.2,0.1,11,0.18,0.5,4,36.4,17.6,1,Match Report
331,Leverkusen,2021-12-15,2.2,,Hoffenheim,de Bundesliga,D 2-2,2,2,0,46,2,0,0,0,2.2,2.2,+0.2,+0.2,1.7,1.6,-0.2,-0.2,+0.3,0.14,16,0.13,0.22,9,56.3,12.7,0,Match Report
332,Eint Frankfurt,2021-12-15,2.3,@,Gladbach,de Bundesliga,W 3-2,3,2,+1,43,3,0,0,0,2.3,2.3,+0.3,+1.1,2.3,1.4,+0.7,+0.7,+0.7,0.19,12,0.25,0.75,4,33.3,14.4,1,Match Report
333,Bayern Munich,2021-12-14,3.5,@,Stuttgart,de Bundesliga,W 5-0,5,0,+5,56,5,0,0,0,3.5,3.5,+2.3,+2.3,3.1,2.1,+1.5,+1.5,+0.9,0.15,25,0.2,0.42,12,48,16.7,0,Match Report
334,Arminia,2021-12-14,0.7,,Bochum,de Bundesliga,W 2-0,2,0,+2,51,2,0,0,0,0.7,0.7,-0.2,-0.2,0.4,0.7,+1.3,+1.3,+0.6,0.05,13,0.15,0.5,4,30.8,19.2,0,Match Report
335,Hertha BSC,2021-12-14,0.4,@,Mainz 05,de Bundesliga,L 0-4,0,4,-4,33,0,0,0,0,0.4,0.4,-2.5,-2.5,0.4,0.4,-0.4,-0.4,-0.4,0.08,5,0,0,1,20,14.6,0,Match Report
336,Wolfsburg,2021-12-14,2.4,,Köln,de Bundesliga,L 2-3,2,3,-1,39,2,0,0,0,2.4,2.4,-0.7,-0.7,2.1,1.2,-0.4,-0.4,-0.1,0.13,19,0.11,0.4,5,26.3,17.4,2,Match Report
337,Stuttgart,2021-12-14,1.2,,Bayern Munich,de Bundesliga,L 0-5,0,5,-5,44,0,0,0,0,1.2,1.2,-2.3,-2.3,1,1.1,-1.2,-1.2,-1,0.09,13,0,0,1,7.7,18.7,1,Match Report
338,Mainz 05,2021-12-14,2.9,,Hertha BSC,de Bundesliga,W 4-0,4,0,+4,67,4,0,0,0,2.9,2.9,+2.5,+2.5,2.7,1.9,+1.1,+1.1,+1.3,0.14,21,0.19,0.4,10,47.6,16.7,1,Match Report
339,Bochum,2021-12-14,0.9,@,Arminia,de Bundesliga,L 0-2,0,2,-2,49,0,0,0,0,0.9,0.9,+0.2,+0.2,0.6,0.3,-0.9,-0.9,-0.6,0.18,5,0,0,3,60,16.3,1,Match Report
340,Köln,2021-12-14,3.1,@,Wolfsburg,de Bundesliga,W 3-2,3,2,+1,61,3,0,0,0,3.1,3.1,+0.7,+0.7,2.7,1.9,-0.1,-0.1,-1.7,0.23,17,0.18,0.5,6,35.3,17.3,1,Match Report
341,Greuther Fürth,2021-12-12,0.7,,Union Berlin,de Bundesliga,W 1-0,1,0,+1,37,1,0,0,0,0.7,0.7,-0.7,-0.7,0.7,0.2,+0.3,+0.3,-0.7,0.15,5,0.2,0.33,3,60,15.4,0,Match Report
342,Union Berlin,2021-12-12,1.4,@,Greuther Fürth,de Bundesliga,L 0-1,0,1,-1,63,0,0,0,0,1.4,1.4,+0.7,+0.7,1.2,1.5,-1.4,-1.4,-1.2,0.1,15,0,0,6,40,18.3,0,Match Report
343,Leverkusen,2021-12-12,1.7,@,Eint Frankfurt,de Bundesliga,L 2-5,2,5,-3,56,1,1,1,0,1.7,0.9,+0.1,-0.7,0.9,1.6,+0.3,+0.1,+0.1,0.09,10,0.1,0.5,2,20,19.2,0,Match Report
344,Eint Frankfurt,2021-12-12,1.6,,Leverkusen,de Bundesliga,W 5-2,5,2,+3,44,5,0,0,0,1.6,1.6,-0.1,+0.7,0.9,0.7,+3.4,+3.4,+1.1,0.1,17,0.29,0.71,7,41.2,15.1,1,Match Report
345,Hoffenheim,2021-12-11,1,@,Freiburg,de Bundesliga,W 2-1,2,1,+1,57,2,0,0,0,1,1,-0.7,+0.1,0.7,1,+1.0,+1.0,+1.3,0.07,13,0.15,0.4,5,38.5,20.7,2,Match Report
346,Bayern Munich,2021-12-11,1.6,,Mainz 05,de Bundesliga,W 2-1,2,1,+1,64,2,0,0,0,1.6,1.6,+0.8,+0.8,1,1.8,+0.4,+0.4,+1.0,0.08,20,0.1,0.29,7,35,15.9,1,Match Report
347,Arminia,2021-12-11,0.5,@,Hertha BSC,de Bundesliga,L 0-2,0,2,-2,40,0,0,0,0,0.5,0.5,-1.5,-1.5,0.3,0.6,-0.5,-0.5,-0.3,0.05,9,0,,0,0,20.7,1,Match Report
348,Hertha BSC,2021-12-11,2,,Arminia,de Bundesliga,W 2-0,2,0,+2,60,2,0,0,0,2,2,+1.5,+1.5,1.7,1.7,0,0,-0.7,0.1,20,0.1,0.25,8,40,14.1,0,Match Report
349,Gladbach,2021-12-11,1.2,@,RB Leipzig,de Bundesliga,L 1-4,1,4,-3,47,1,0,0,0,1.2,1.2,-3.5,-3.5,1.1,0.9,-0.2,-0.2,-0.1,0.11,11,0.09,0.2,5,45.5,15.1,0,Match Report
350,Wolfsburg,2021-12-11,1.5,,Stuttgart,de Bundesliga,L 0-2,0,2,-2,53,0,0,0,0,1.5,1.5,+0.3,+1.1,0.8,1.2,-1.5,-1.5,-0.8,0.08,18,0,0,4,22.2,19.8,1,Match Report
351,Stuttgart,2021-12-11,1.2,@,Wolfsburg,de Bundesliga,W 2-0,2,0,+2,47,2,0,1,1,1.2,0.4,-0.3,-1.1,0.2,0.4,+0.8,+1.6,+0.8,0.04,10,0.2,0.67,3,30,22.4,0,Match Report
352,Mainz 05,2021-12-11,0.8,@,Bayern Munich,de Bundesliga,L 1-2,1,2,-1,36,1,0,0,0,0.8,0.8,-0.8,-0.8,0.8,1,+0.2,+0.2,+0.2,0.1,8,0.13,0.25,4,50,19.9,0,Match Report
353,Freiburg,2021-12-11,1.6,,Hoffenheim,de Bundesliga,L 1-2,1,2,-1,43,1,0,1,1,1.6,0.8,+0.7,-0.1,0.5,0.7,-0.6,+0.2,+0.5,0.06,14,0.07,0.2,5,35.7,17.9,0,Match Report
354,RB Leipzig,2021-12-11,4.7,,Gladbach,de Bundesliga,W 4-1,4,1,+3,53,4,0,0,0,4.7,4.7,+3.5,+3.5,4.1,2.5,-0.7,-0.7,-0.1,0.25,19,0.21,0.4,10,52.6,15.4,1,Match Report
355,Dortmund,2021-12-11,2.3,@,Bochum,de Bundesliga,D 1-1,1,1,0,67,1,0,0,0,2.3,2.3,+1.4,+2.1,2,2.7,-1.3,-1.3,-1,0.12,20,0.05,0.17,6,30,14.2,0,Match Report
356,Bochum,2021-12-11,0.9,,Dortmund,de Bundesliga,D 1-1,1,1,0,33,0,1,1,0,0.9,0.2,-1.4,-2.1,0.1,0.2,+0.1,-0.2,-0.1,0.04,4,0,0,2,50,16.5,0,Match Report
357,Augsburg,2021-12-10,0.8,@,Köln,de Bundesliga,W 2-0,2,0,+2,36,2,0,0,0,0.8,0.8,-0.2,-0.2,0.5,0.9,+1.2,+1.2,-0.5,0.07,12,0.17,0.5,4,33.3,19.2,1,Match Report
358,Köln,2021-12-10,1,,Augsburg,de Bundesliga,L 0-2,0,2,-2,64,0,0,0,0,1,1,+0.2,+0.2,0.9,1.1,-1,-1,-0.9,0.07,14,0,0,3,21.4,16.6,0,Match Report
359,Hertha BSC,2021-12-05,1.3,@,Stuttgart,de Bundesliga,D 2-2,2,2,0,46,2,0,0,0,1.3,1.3,-0.1,-0.1,1.2,1.7,+0.7,+0.7,+0.8,0.09,15,0.13,0.33,6,40,18.4,1,Match Report
360,Gladbach,2021-12-05,0.9,,Freiburg,de Bundesliga,L 0-6,0,6,-6,64,0,0,0,0,0.9,0.9,-1,-1,0.7,1,-0.9,-0.9,-0.7,0.05,17,0,0,3,17.6,18.6,0,Match Report
361,Stuttgart,2021-12-05,1.4,,Hertha BSC,de Bundesliga,D 2-2,2,2,0,54,2,0,0,0,1.4,1.4,+0.1,+0.1,1.3,0.7,+0.6,+0.6,+0.7,0.14,10,0.2,0.67,3,30,17.6,0,Match Report
362,Freiburg,2021-12-05,2,@,Gladbach,de Bundesliga,W 6-0,6,0,+6,36,6,0,0,0,2,2,+1.0,+1.0,1.4,1.7,+4.0,+4.0,+3.6,0.15,13,0.46,0.86,7,53.8,12.2,0,Match Report
363,Hoffenheim,2021-12-04,0.9,,Eint Frankfurt,de Bundesliga,W 3-2,3,2,+1,49,3,0,0,0,0.9,0.9,-0.7,-0.7,0.4,0.7,+2.1,+2.1,+0.6,0.11,8,0.38,0.75,4,50,16.9,0,Match Report
364,Bayern Munich,2021-12-04,3.1,@,Dortmund,de Bundesliga,W 3-2,3,2,+1,53,2,1,1,0,3.1,2.3,+1.9,+1.2,2,1.6,-0.1,-0.3,-1,0.15,16,0.13,0.4,5,31.3,21.2,2,Match Report
365,Augsburg,2021-12-04,2.9,,Bochum,de Bundesliga,L 2-3,2,3,-1,52,1,1,1,0,2.9,2.1,+0.8,0,2,1.7,-0.9,-1.1,-1,0.14,15,0.07,0.2,5,33.3,15.7,0,Match Report
366,Greuther Fürth,2021-12-04,0.3,@,Leverkusen,de Bundesliga,L 1-7,1,7,-6,40,1,0,0,0,0.3,0.3,-2.6,-2.6,0.1,0.2,+0.7,+0.7,-0.1,0.03,8,0.13,0.33,3,37.5,20.1,0,Match Report
367,Arminia,2021-12-04,1.1,,Köln,de Bundesliga,D 1-1,1,1,0,43,1,0,0,0,1.1,1.1,0,0,1,0.8,-0.1,-0.1,0,0.06,18,0.06,0.25,4,22.2,19.4,0,Match Report
368,Wolfsburg,2021-12-04,0.7,@,Mainz 05,de Bundesliga,L 0-3,0,3,-3,58,0,0,0,0,0.7,0.7,-0.5,-0.5,0.2,0.5,-0.7,-0.7,-0.2,0.05,15,0,,0,0,20.6,1,Match Report
369,Mainz 05,2021-12-04,1.2,,Wolfsburg,de Bundesliga,W 3-0,3,0,+3,42,2,0,0,0,1.2,1.2,+0.5,+0.5,0.9,0.6,+0.8,+0.8,+1.1,0.1,12,0.17,0.5,4,33.3,16.8,1,Match Report
370,Dortmund,2021-12-04,1.2,,Bayern Munich,de Bundesliga,L 2-3,2,3,-1,47,2,0,0,0,1.2,1.2,-1.9,-1.2,1,1,+0.8,+0.8,+1.0,0.1,12,0.17,0.5,4,33.3,17.8,0,Match Report
371,Bochum,2021-12-04,2.1,@,Augsburg,de Bundesliga,W 3-2,3,2,+1,48,3,0,0,0,2.1,2.1,-0.8,0,1.8,1.1,+0.9,+0.9,+0.2,0.18,12,0.25,0.5,6,50,19.3,0,Match Report
372,Köln,2021-12-04,1.1,@,Arminia,de Bundesliga,D 1-1,1,1,0,57,1,0,0,0,1.1,1.1,0,0,1,1,-0.1,-0.1,0,0.11,10,0.1,0.33,3,30,15.1,1,Match Report
373,Leverkusen,2021-12-04,2.8,,Greuther Fürth,de Bundesliga,W 7-1,7,1,+6,60,7,0,0,0,2.8,2.8,+2.6,+2.6,2.3,1.7,+4.2,+4.2,+3.7,0.22,13,0.54,0.88,8,61.5,13.2,0,Match Report
374,Eint Frankfurt,2021-12-04,1.5,@,Hoffenheim,de Bundesliga,L 2-3,2,3,-1,51,2,0,0,0,1.5,1.5,+0.7,+0.7,1.3,1.4,+0.5,+0.5,+0.7,0.1,16,0.13,0.67,3,18.8,15.6,0,Match Report
375,Union Berlin,2021-12-03,2.4,,RB Leipzig,de Bundesliga,W 2-1,2,1,+1,37,2,0,0,0,2.4,2.4,+1.0,+1.0,2.1,1.3,-0.4,-0.4,-1.1,0.17,15,0.13,0.5,4,26.7,13.4,0,Match Report
376,RB Leipzig,2021-12-03,1.4,@,Union Berlin,de Bundesliga,L 1-2,1,2,-1,63,1,0,0,0,1.4,1.4,-1,-1,1.4,2,-0.4,-0.4,-0.4,0.12,12,0.08,0.33,3,25,16.5,1,Match Report
377,Union Berlin,2021-11-28,1.1,@,Eint Frankfurt,de Bundesliga,L 1-2,1,2,-1,46,0,1,1,0,1.1,0.3,-0.2,-1,0.2,0.3,-0.1,-0.3,-0.2,0.05,6,0,0,3,50,19.8,0,Match Report
378,RB Leipzig,2021-11-28,1.5,,Leverkusen,de Bundesliga,L 1-3,1,3,-2,58,1,0,1,1,1.5,0.7,+0.1,-0.7,0.6,1.8,-0.5,+0.3,+0.4,0.06,12,0.08,0.33,3,25,19.4,0,Match Report
379,Leverkusen,2021-11-28,1.4,@,RB Leipzig,de Bundesliga,W 3-1,3,1,+2,42,3,0,0,0,1.4,1.4,-0.1,+0.7,1.1,0.8,+1.6,+1.6,+1.9,0.13,11,0.27,0.75,4,36.4,15.6,0,Match Report
380,Eint Frankfurt,2021-11-28,1.3,,Union Berlin,de Bundesliga,W 2-1,2,1,+1,54,2,0,0,0,1.3,1.3,+0.2,+1.0,1.2,1.5,+0.7,+0.7,-0.2,0.1,13,0.15,1,2,15.4,13.8,0,Match Report
381,Hoffenheim,2021-11-27,4,@,Greuther Fürth,de Bundesliga,W 6-3,6,3,+3,51,5,0,0,0,4,4,+2.9,+2.9,3.3,2.3,+1.0,+1.0,+0.7,0.21,21,0.24,0.45,11,52.4,12.4,0,Match Report
382,Bayern Munich,2021-11-27,2.2,,Arminia,de Bundesliga,W 1-0,1,0,+1,73,1,0,0,0,2.2,2.2,+1.9,+1.9,2.1,3.4,-1.2,-1.2,-1.1,0.1,22,0.05,0.11,9,40.9,15.4,0,Match Report
383,Augsburg,2021-11-27,1.2,@,Hertha BSC,de Bundesliga,D 1-1,1,1,0,48,1,0,0,0,1.2,1.2,-0.5,-0.5,0.5,1.2,-0.2,-0.2,+0.5,0.07,18,0.06,0.17,6,33.3,20.5,1,Match Report
384,Greuther Fürth,2021-11-27,1.1,,Hoffenheim,de Bundesliga,L 3-6,3,6,-3,49,3,0,0,0,1.1,1.1,-2.9,-2.9,1,0.7,+1.9,+1.9,+2.0,0.07,16,0.19,0.43,7,43.8,14.7,0,Match Report
385,Arminia,2021-11-27,0.3,@,Bayern Munich,de Bundesliga,L 0-1,0,1,-1,27,0,0,0,0,0.3,0.3,-1.9,-1.9,0.1,0.2,-0.3,-0.3,-0.1,0.04,8,0,,0,0,20.3,0,Match Report
386,Hertha BSC,2021-11-27,1.7,,Augsburg,de Bundesliga,D 1-1,1,1,0,52,1,0,0,0,1.7,1.7,+0.5,+0.5,0.9,1,-0.7,-0.7,-0.9,0.14,12,0.08,0.25,4,33.3,15.5,1,Match Report
387,Gladbach,2021-11-27,1,@,Köln,de Bundesliga,L 1-4,1,4,-3,51,1,0,0,0,1,1,-0.4,-0.4,0.6,0.5,0,0,+0.4,0.06,16,0.06,0.2,5,31.3,18.7,1,Match Report
388,Wolfsburg,2021-11-27,1.9,,Dortmund,de Bundesliga,L 1-3,1,3,-2,42,1,0,0,0,1.9,1.9,-0.3,+0.4,1.7,1.4,-0.9,-0.9,-0.7,0.14,15,0.07,0.14,7,46.7,17.8,0,Match Report
389,Freiburg,2021-11-27,2.2,@,Bochum,de Bundesliga,L 1-2,1,2,-1,59,1,0,0,0,2.2,2.2,+1.1,+1.1,1.6,1.8,-1.2,-1.2,-0.6,0.11,21,0.05,0.09,11,52.4,13.5,0,Match Report
390,Dortmund,2021-11-27,2.3,@,Wolfsburg,de Bundesliga,W 3-1,3,1,+2,58,2,1,1,0,2.3,1.5,+0.3,-0.4,1.3,1.5,+0.7,+0.5,+0.7,0.11,14,0.14,0.29,7,50,18.9,1,Match Report
391,Bochum,2021-11-27,1.1,,Freiburg,de Bundesliga,W 2-1,2,1,+1,41,2,0,0,0,1.1,1.1,-1.1,-1.1,0.5,0.7,+0.9,+0.9,+0.5,0.09,13,0.15,0.33,6,46.2,23.3,0,Match Report
392,Köln,2021-11-27,1.4,,Gladbach,de Bundesliga,W 4-1,4,1,+3,49,4,0,0,0,1.4,1.4,+0.4,+0.4,1,1.8,+2.6,+2.6,+1.0,0.1,15,0.27,0.44,9,60,15.9,0,Match Report
393,Stuttgart,2021-11-26,0.3,,Mainz 05,de Bundesliga,W 2-1,2,1,+1,45,2,0,0,0,0.3,0.3,-0.5,-0.5,0.2,0.2,+1.7,+1.7,+1.8,0.04,7,0.29,0.67,3,42.9,20,0,Match Report
394,Mainz 05,2021-11-26,0.8,@,Stuttgart,de Bundesliga,L 1-2,1,2,-1,55,1,0,0,0,0.8,0.8,+0.5,+0.5,0.7,1,+0.2,+0.2,+0.3,0.04,18,0.06,0.2,5,27.8,21.2,1,Match Report
395,Mainz 05,2021-11-21,0.8,,Köln,de Bundesliga,D 1-1,1,1,0,43,1,0,0,0,0.8,0.8,-1.4,-1.4,0.5,0.5,+0.2,+0.2,+0.5,0.08,11,0.09,0.5,2,18.2,16.1,0,Match Report
396,Freiburg,2021-11-21,1.4,,Eint Frankfurt,de Bundesliga,L 0-2,0,2,-2,62,0,0,0,0,1.4,1.4,+0.2,+0.2,1.2,1.9,-1.4,-1.4,-1.2,0.07,21,0,0,4,19,15.7,1,Match Report
397,Köln,2021-11-21,2.2,@,Mainz 05,de Bundesliga,D 1-1,1,1,0,57,1,0,0,0,2.2,2.2,+1.4,+1.4,1.5,1,-1.2,-1.2,-0.5,0.23,11,0.09,0.2,5,45.5,17.8,1,Match Report
398,Eint Frankfurt,2021-11-21,1.2,@,Freiburg,de Bundesliga,W 2-0,2,0,+2,38,2,0,0,0,1.2,1.2,-0.2,-0.2,0.7,0.5,+0.8,+0.8,-0.7,0.1,13,0.15,0.29,7,53.8,24.1,1,Match Report
399,Hoffenheim,2021-11-20,3.1,,RB Leipzig,de Bundesliga,W 2-0,2,0,+2,42,2,0,0,0,3.1,3.1,+2.8,+2.8,2.7,1.9,-1.1,-1.1,-1.7,0.14,23,0.09,0.25,8,34.8,12.9,0,Match Report
400,Greuther Fürth,2021-11-20,0.2,@,Gladbach,de Bundesliga,L 0-4,0,4,-4,43,0,0,0,0,0.2,0.2,-2.9,-2.9,0.2,0.6,-0.2,-0.2,-0.2,0.05,5,0,0,1,20,11.5,0,Match Report
401,Arminia,2021-11-20,1.3,,Wolfsburg,de Bundesliga,D 2-2,2,2,0,37,1,1,1,0,1.3,0.5,-0.6,-1.4,0.4,0.4,+0.7,+0.5,+0.6,0.05,9,0.11,0.5,2,22.2,23.6,0,Match Report
402,Hertha BSC,2021-11-20,0.4,@,Union Berlin,de Bundesliga,L 0-2,0,2,-2,58,0,0,0,0,0.4,0.4,-1.1,-1.1,0.4,0.5,-0.4,-0.4,-0.4,0.05,8,0,0,2,25,16.8,0,Match Report
403,Gladbach,2021-11-20,3.1,,Greuther Fürth,de Bundesliga,W 4-0,4,0,+4,57,4,0,0,0,3.1,3.1,+2.9,+2.9,2.5,1.4,+0.9,+0.9,+0.5,0.18,18,0.22,0.36,11,61.1,19,0,Match Report
404,Wolfsburg,2021-11-20,1.9,@,Arminia,de Bundesliga,D 2-2,2,2,0,63,2,0,0,0,1.9,1.9,+0.6,+1.4,1.8,2.2,+0.1,+0.1,+0.2,0.15,13,0.15,0.4,5,38.5,16.2,1,Match Report
405,Stuttgart,2021-11-20,1.6,@,Dortmund,de Bundesliga,L 1-2,1,2,-1,36,1,0,0,0,1.6,1.6,-0.6,-0.6,1.3,1.1,-0.6,-0.6,-0.3,0.12,13,0.08,0.25,4,30.8,17.4,0,Match Report
406,Union Berlin,2021-11-20,1.5,,Hertha BSC,de Bundesliga,W 2-0,2,0,+2,42,2,0,0,0,1.5,1.5,+1.1,+1.1,0.9,1.4,+0.5,+0.5,+0.1,0.1,15,0.13,0.4,5,33.3,17,0,Match Report
407,RB Leipzig,2021-11-20,0.2,@,Hoffenheim,de Bundesliga,L 0-2,0,2,-2,58,0,0,0,0,0.2,0.2,-2.8,-2.8,0.2,0.7,-0.2,-0.2,-0.2,0.05,5,0,,0,0,19.2,0,Match Report
408,Dortmund,2021-11-20,2.2,,Stuttgart,de Bundesliga,W 2-1,2,1,+1,64,2,0,0,0,2.2,2.2,+0.6,+0.6,1.2,1.5,-0.2,-0.2,-0.2,0.13,21,0.1,0.4,5,23.8,19.8,2,Match Report
409,Bochum,2021-11-20,0.8,@,Leverkusen,de Bundesliga,L 0-1,0,1,-1,45,0,0,0,0,0.8,0.8,-0.8,-0.8,0.6,0.7,-0.8,-0.8,-0.6,0.04,21,0,0,7,33.3,21.7,2,Match Report
410,Leverkusen,2021-11-20,1.7,,Bochum,de Bundesliga,W 1-0,1,0,+1,55,1,0,0,0,1.7,1.7,+0.8,+0.8,1.6,1.6,-0.7,-0.7,-0.6,0.15,11,0.09,0.2,5,45.5,18.3,1,Match Report
411,Bayern Munich,2021-11-19,1.2,@,Augsburg,de Bundesliga,L 1-2,1,2,-1,78,1,0,0,0,1.2,1.2,+0.8,+0.8,0.9,2,-0.2,-0.2,+0.1,0.07,18,0.06,0.25,4,22.2,17.9,0,Match Report
412,Augsburg,2021-11-19,0.4,,Bayern Munich,de Bundesliga,W 2-1,2,1,+1,22,2,0,0,0,0.4,0.4,-0.8,-0.8,0.1,0.3,+1.6,+1.6,+0.9,0.09,5,0.4,0.67,3,60,18.3,0,Match Report
413,Greuther Fürth,2021-11-07,2.4,,Eint Frankfurt,de Bundesliga,L 1-2,1,2,-1,54,1,0,0,0,2.4,2.4,+1.2,+1.2,0.9,0.9,-1.4,-1.4,-0.9,0.12,20,0.05,0.5,2,10,14.9,0,Match Report
414,Hertha BSC,2021-11-07,0.8,,Leverkusen,de Bundesliga,D 1-1,1,1,0,46,1,0,0,0,0.8,0.8,-0.2,-0.2,0.6,0.6,+0.2,+0.2,+0.4,0.05,15,0.07,0.2,5,33.3,22.5,0,Match Report
415,Union Berlin,2021-11-07,1,@,Köln,de Bundesliga,D 2-2,2,2,0,30,2,0,0,0,1,1,-0.7,-0.7,1,0.5,+1.0,+1.0,+1.0,0.1,10,0.2,0.67,3,30,14.7,0,Match Report
416,Köln,2021-11-07,1.8,,Union Berlin,de Bundesliga,D 2-2,2,2,0,70,2,0,0,0,1.8,1.8,+0.7,+0.7,0.8,1.1,+0.2,+0.2,+0.2,0.1,18,0.11,0.4,5,27.8,15.4,0,Match Report
417,Leverkusen,2021-11-07,1,@,Hertha BSC,de Bundesliga,D 1-1,1,1,0,54,1,0,0,0,1,1,+0.2,+0.2,0.8,0.8,0,0,+0.2,0.11,9,0.11,0.25,4,44.4,19.5,0,Match Report
418,Eint Frankfurt,2021-11-07,1.2,@,Greuther Fürth,de Bundesliga,W 2-1,2,1,+1,46,2,0,0,0,1.2,1.2,-1.2,-1.2,1,0.3,+0.8,+0.8,+1.0,0.08,16,0.13,0.5,4,25,20.6,1,Match Report
419,Hoffenheim,2021-11-06,0.6,@,Bochum,de Bundesliga,L 0-2,0,2,-2,62,0,0,0,0,0.6,0.6,-2.3,-1.5,0.4,0.4,-0.6,-0.6,-0.4,0.06,10,0,0,1,10,22.8,0,Match Report
420,Bayern Munich,2021-11-06,2.8,,Freiburg,de Bundesliga,W 2-1,2,1,+1,63,2,0,0,0,2.8,2.8,+1.9,+1.9,2.7,2.6,-0.8,-0.8,-0.7,0.1,29,0.07,0.18,11,37.9,16.9,1,Match Report
421,Augsburg,2021-11-06,0.7,@,Wolfsburg,de Bundesliga,L 0-1,0,1,-1,38,0,0,0,0,0.7,0.7,+0.2,+0.2,0.7,0.8,-0.7,-0.7,-0.7,0.07,10,0,0,3,30,21.6,1,Match Report
422,Arminia,2021-11-06,1.7,@,Stuttgart,de Bundesliga,W 1-0,1,0,+1,34,1,0,0,0,1.7,1.7,+0.8,+0.8,1.5,1.2,-0.7,-0.7,-0.5,0.12,15,0.07,0.33,3,20,23.5,0,Match Report
423,Wolfsburg,2021-11-06,0.5,,Augsburg,de Bundesliga,W 1-0,1,0,+1,62,1,0,0,0,0.5,0.5,-0.2,-0.2,0.4,0.9,+0.5,+0.5,+0.6,0.06,8,0.13,0.33,3,37.5,19.4,2,Match Report
424,Stuttgart,2021-11-06,0.9,,Arminia,de Bundesliga,L 0-1,0,1,-1,66,0,0,0,0,0.9,0.9,-0.8,-0.8,0.9,1.9,-0.9,-0.9,-0.9,0.1,9,0,0,3,33.3,19.5,0,Match Report
425,Freiburg,2021-11-06,1,@,Bayern Munich,de Bundesliga,L 1-2,1,2,-1,37,1,0,0,0,1,1,-1.9,-1.9,0.5,0.8,0,0,-0.5,0.08,13,0.08,0.33,3,23.1,18.7,1,Match Report
426,RB Leipzig,2021-11-06,2.6,,Dortmund,de Bundesliga,W 2-1,2,1,+1,54,2,0,0,0,2.6,2.6,+1.7,+1.7,2.5,2.7,-0.6,-0.6,-0.5,0.19,14,0.14,0.33,6,42.9,16.2,0,Match Report
427,Dortmund,2021-11-06,0.9,@,RB Leipzig,de Bundesliga,L 1-2,1,2,-1,46,1,0,0,0,0.9,0.9,-1.7,-1.7,0.8,0.6,+0.1,+0.1,+0.2,0.08,11,0.09,0.33,3,27.3,17.1,0,Match Report
428,Bochum,2021-11-06,2.9,,Hoffenheim,de Bundesliga,W 2-0,2,0,+2,38,2,0,1,1,2.9,2.1,+2.3,+1.5,1.8,1.1,-0.9,-0.1,+0.2,0.2,11,0.18,0.5,4,36.4,23.5,1,Match Report
429,Gladbach,2021-11-05,1.6,@,Mainz 05,de Bundesliga,D 1-1,1,1,0,52,1,0,0,0,1.6,1.6,+0.5,+0.5,0.6,0.6,-0.6,-0.6,-0.6,0.13,12,0.08,0.2,5,41.7,19.1,0,Match Report
430,Mainz 05,2021-11-05,1.1,,Gladbach,de Bundesliga,D 1-1,1,1,0,48,1,0,0,0,1.1,1.1,-0.5,-0.5,0.8,0.8,-0.1,-0.1,-0.8,0.06,19,0.05,0.13,8,42.1,18.1,1,Match Report
431,Augsburg,2021-10-31,2.1,,Stuttgart,de Bundesliga,W 4-1,4,1,+3,33,4,0,0,0,2.1,2.1,+1.2,+1.2,1.3,1,+1.9,+1.9,+2.7,0.12,18,0.22,0.4,10,55.6,17.5,0,Match Report
432,Gladbach,2021-10-31,1.9,,Bochum,de Bundesliga,W 2-1,2,1,+1,65,2,0,0,0,1.9,1.9,+1.1,+1.1,1.6,1.4,+0.1,+0.1,+0.4,0.13,15,0.13,0.5,4,26.7,15.6,0,Match Report
433,Stuttgart,2021-10-31,0.9,@,Augsburg,de Bundesliga,L 1-4,1,4,-3,67,1,0,0,0,0.9,0.9,-1.2,-1.2,0.7,1.1,+0.1,+0.1,+0.3,0.07,13,0.08,0.33,3,23.1,15.9,1,Match Report
434,Bochum,2021-10-31,0.8,@,Gladbach,de Bundesliga,L 1-2,1,2,-1,35,1,0,0,0,0.8,0.8,-1.1,-1.1,0.7,0.6,+0.2,+0.2,-0.7,0.07,12,0.08,0.25,4,33.3,15.1,1,Match Report
435,Bayern Munich,2021-10-30,3.2,@,Union Berlin,de Bundesliga,W 5-2,5,2,+3,60,4,1,1,0,3.2,2.4,+2.3,+1.5,2.3,1.4,+1.8,+1.6,+1.7,0.24,10,0.4,0.8,5,50,15.1,0,Match Report
436,Greuther Fürth,2021-10-30,0.8,@,Freiburg,de Bundesliga,L 1-3,1,3,-2,50,1,0,0,0,0.8,0.8,-0.7,+0.1,0.8,0.5,+0.2,+0.2,+0.2,0.1,8,0.13,0.25,4,50,21.3,0,Match Report
437,Arminia,2021-10-30,0.6,,Mainz 05,de Bundesliga,L 1-2,1,2,-1,49,1,0,0,0,0.6,0.6,-1.8,-1.8,0.3,0.5,+0.4,+0.4,+0.7,0.05,14,0.07,0.2,5,35.7,25.2,0,Match Report
438,Wolfsburg,2021-10-30,1.8,@,Leverkusen,de Bundesliga,W 2-0,2,0,+2,35,2,0,0,0,1.8,1.8,+0.2,+1.0,0.8,0.6,+0.2,+0.2,-0.8,0.17,12,0.17,0.25,8,66.7,15.9,0,Match Report
439,Union Berlin,2021-10-30,0.9,,Bayern Munich,de Bundesliga,L 2-5,2,5,-3,40,2,0,0,0,0.9,0.9,-2.3,-1.5,0.8,1.1,+1.1,+1.1,+1.2,0.1,9,0.22,0.33,6,66.7,18.7,1,Match Report
440,Mainz 05,2021-10-30,2.5,@,Arminia,de Bundesliga,W 2-1,2,1,+1,51,2,0,0,0,2.5,2.5,+1.8,+1.8,1.7,1.3,-0.5,-0.5,-1.7,0.16,16,0.13,0.5,4,25,17,1,Match Report
441,Freiburg,2021-10-30,1.5,,Greuther Fürth,de Bundesliga,W 3-1,3,1,+2,50,1,1,1,0,1.5,0.7,+0.7,-0.1,0.7,0.6,+0.5,+0.3,+0.3,0.07,11,0.09,0.25,4,36.4,22.4,0,Match Report
442,RB Leipzig,2021-10-30,3,@,Eint Frankfurt,de Bundesliga,D 1-1,1,1,0,53,1,0,0,0,3,3,+2.5,+2.5,2.1,2.6,-2,-2,-1.1,0.22,14,0.07,0.17,6,42.9,10.6,0,Match Report
443,Dortmund,2021-10-30,1.4,,Köln,de Bundesliga,W 2-0,2,0,+2,42,2,0,0,0,1.4,1.4,+0.1,+0.1,1.3,1.2,+0.6,+0.6,+0.7,0.17,8,0.25,0.4,5,62.5,14.4,1,Match Report
444,Köln,2021-10-30,1.3,@,Dortmund,de Bundesliga,L 0-2,0,2,-2,58,0,0,0,0,1.3,1.3,-0.1,-0.1,0.7,1.1,-1.3,-1.3,-0.7,0.06,21,0,0,5,23.8,18.2,0,Match Report
445,Leverkusen,2021-10-30,1.5,,Wolfsburg,de Bundesliga,L 0-2,0,2,-2,65,0,0,1,1,1.5,0.7,-0.2,-1,0.6,1,-1.5,-0.7,-0.6,0.06,12,0,,0,0,21.4,1,Match Report
446,Eint Frankfurt,2021-10-30,0.6,,RB Leipzig,de Bundesliga,D 1-1,1,1,0,47,1,0,0,0,0.6,0.6,-2.5,-2.5,0.5,0.5,+0.4,+0.4,+0.5,0.05,11,0.09,0.33,3,27.3,21.3,0,Match Report
447,Hoffenheim,2021-10-29,0.9,,Hertha BSC,de Bundesliga,W 2-0,2,0,+2,54,2,0,0,0,0.9,0.9,+0.6,+0.6,0.6,1.8,+1.1,+1.1,-0.6,0.07,13,0.15,0.67,3,23.1,14.6,0,Match Report
448,Hertha BSC,2021-10-29,0.3,@,Hoffenheim,de Bundesliga,L 0-2,0,2,-2,46,0,0,0,0,0.3,0.3,-0.6,-0.6,0.3,0.4,-0.3,-0.3,-0.3,0.06,5,0,0,2,40,19.5,1,Match Report
449,Stuttgart,2021-10-24,0.5,,Union Berlin,de Bundesliga,D 1-1,1,1,0,56,1,0,0,0,0.5,0.5,-0.5,-0.5,0.5,0.7,+0.5,+0.5,+0.5,0.06,8,0.13,0.5,2,25,16.6,0,Match Report
450,Union Berlin,2021-10-24,1,@,Stuttgart,de Bundesliga,D 1-1,1,1,0,44,1,0,0,0,1,1,+0.5,+0.5,0.9,1,0,0,+0.1,0.08,12,0.08,0.33,3,25,17.9,0,Match Report
451,Bochum,2021-10-24,2.1,,Eint Frankfurt,de Bundesliga,W 2-0,2,0,+2,41,2,0,0,0,2.1,2.1,+0.5,+1.3,1.8,1.5,-0.1,-0.1,-0.8,0.11,19,0.11,0.29,7,36.8,18.1,0,Match Report
452,Köln,2021-10-24,1.8,,Leverkusen,de Bundesliga,D 2-2,2,2,0,62,2,0,0,0,1.8,1.8,+0.8,+0.8,1.6,1.6,+0.2,+0.2,+0.4,0.09,19,0.11,0.4,5,26.3,16.3,0,Match Report
453,Leverkusen,2021-10-24,0.9,@,Köln,de Bundesliga,D 2-2,2,2,0,38,2,0,0,0,0.9,0.9,-0.8,-0.8,0.6,0.8,+1.1,+1.1,+0.4,0.11,9,0.22,0.33,6,66.7,16,0,Match Report
454,Eint Frankfurt,2021-10-24,1.6,@,Bochum,de Bundesliga,L 0-2,0,2,-2,59,0,0,1,1,1.6,0.8,-0.5,-1.3,0.7,0.6,-1.6,-0.8,-0.7,0.06,15,0,0,5,33.3,18.7,1,Match Report
455,Hoffenheim,2021-10-23,0.7,@,Bayern Munich,de Bundesliga,L 0-4,0,4,-4,39,0,0,0,0,0.7,0.7,-2.1,-2.1,0.7,0.5,-0.7,-0.7,-0.7,0.08,9,0,0,2,22.2,14.5,0,Match Report
456,Bayern Munich,2021-10-23,2.8,,Hoffenheim,de Bundesliga,W 4-0,4,0,+4,61,4,0,0,0,2.8,2.8,+2.1,+2.1,2.1,0.9,+1.2,+1.2,+1.9,0.19,15,0.27,0.57,7,46.7,15.3,0,Match Report
457,Greuther Fürth,2021-10-23,1.4,@,RB Leipzig,de Bundesliga,L 1-4,1,4,-3,44,0,1,1,0,1.4,0.6,-0.9,-0.9,0.5,1.3,-0.4,-0.6,-0.5,0.08,8,0,0,3,37.5,21.2,0,Match Report
458,Arminia,2021-10-23,1.4,,Dortmund,de Bundesliga,L 1-3,1,3,-2,31,0,1,1,0,1.4,0.6,-0.9,-0.9,0.4,0.8,-0.4,-0.6,-0.4,0.04,15,0,0,6,40,21.1,0,Match Report
459,Hertha BSC,2021-10-23,1,,Gladbach,de Bundesliga,W 1-0,1,0,+1,42,1,0,0,0,1,1,+0.5,+0.5,0.3,0.3,0,0,-0.3,0.1,10,0.1,0.25,4,40,16.1,0,Match Report
460,Gladbach,2021-10-23,0.5,@,Hertha BSC,de Bundesliga,L 0-1,0,1,-1,58,0,0,0,0,0.5,0.5,-0.5,-0.5,0.4,0.6,-0.5,-0.5,-0.4,0.05,10,0,0,1,10,16.9,0,Match Report
461,Wolfsburg,2021-10-23,1.3,,Freiburg,de Bundesliga,L 0-2,0,2,-2,56,0,0,0,0,1.3,1.3,-0.2,-0.2,1.2,2,-1.3,-1.3,-1.2,0.07,18,0,0,4,22.2,15.4,1,Match Report
462,Freiburg,2021-10-23,1.5,@,Wolfsburg,de Bundesliga,W 2-0,2,0,+2,44,2,0,0,0,1.5,1.5,+0.2,+0.2,1.1,0.4,+0.5,+0.5,-0.1,0.17,11,0.18,0.5,4,36.4,15.5,1,Match Report
463,RB Leipzig,2021-10-23,2.3,,Greuther Fürth,de Bundesliga,W 4-1,4,1,+3,56,3,1,1,0,2.3,1.5,+0.9,+0.9,1.4,1.7,+1.7,+1.5,+0.6,0.13,12,0.25,0.75,4,33.3,18.4,0,Match Report
464,Dortmund,2021-10-23,2.4,@,Arminia,de Bundesliga,W 3-1,3,1,+2,69,2,1,1,0,2.4,1.6,+0.9,+0.9,1.2,1,+0.6,+0.4,-0.2,0.13,13,0.15,0.33,6,46.2,17.1,0,Match Report
465,Augsburg,2021-10-22,0.9,@,Mainz 05,de Bundesliga,L 1-4,1,4,-3,46,1,0,0,0,0.9,0.9,-2.7,-2.7,0.9,0.6,+0.1,+0.1,+0.1,0.15,6,0.17,0.5,2,33.3,20,0,Match Report
466,Mainz 05,2021-10-22,3.7,,Augsburg,de Bundesliga,W 4-1,4,1,+3,54,4,0,0,0,3.7,3.7,+2.7,+2.7,3.5,1.8,+0.3,+0.3,+0.5,0.17,21,0.19,0.44,9,42.9,15,0,Match Report
467,Bayern Munich,2021-10-17,3.2,@,Leverkusen,de Bundesliga,W 5-1,5,1,+4,59,5,0,0,0,3.2,3.2,+2.5,+2.5,3.1,3.2,+1.8,+1.8,+1.9,0.12,27,0.19,0.45,11,40.7,16.7,0,Match Report
468,Augsburg,2021-10-17,0.6,,Arminia,de Bundesliga,D 1-1,1,1,0,50,1,0,0,0,0.6,0.6,+0.3,+0.3,0.4,0.5,+0.4,+0.4,+0.6,0.04,14,0.07,0.17,6,42.9,18,1,Match Report
469,Arminia,2021-10-17,0.3,@,Augsburg,de Bundesliga,D 1-1,1,1,0,50,1,0,0,0,0.3,0.3,-0.3,-0.3,0.1,0.9,+0.7,+0.7,-0.1,0.03,10,0.1,0.5,2,20,24,1,Match Report
470,Leverkusen,2021-10-17,0.7,,Bayern Munich,de Bundesliga,L 1-5,1,5,-4,41,1,0,0,0,0.7,0.7,-2.5,-2.5,0.6,0.8,+0.3,+0.3,+0.4,0.11,6,0.17,0.25,4,66.7,16.1,0,Match Report
471,Greuther Fürth,2021-10-16,0.8,,Bochum,de Bundesliga,L 0-1,0,1,-1,56,0,0,0,0,0.8,0.8,-0.7,-0.7,0.8,1.3,-0.8,-0.8,-0.8,0.08,11,0,0,3,27.3,19,0,Match Report
472,Hertha BSC,2021-10-16,1.8,@,Eint Frankfurt,de Bundesliga,W 2-1,2,1,+1,42,2,0,0,0,1.8,1.8,+0.1,+0.9,1.5,1.1,+0.2,+0.2,+0.5,0.15,12,0.17,0.33,6,50,13.5,1,Match Report
473,Gladbach,2021-10-16,2.6,,Stuttgart,de Bundesliga,D 1-1,1,1,0,59,1,0,0,0,2.6,2.6,+2.3,+2.3,1.9,1.5,-1.6,-1.6,-1.9,0.08,31,0.03,0.13,8,25.8,17.9,1,Match Report
474,Wolfsburg,2021-10-16,1.5,@,Union Berlin,de Bundesliga,L 0-2,0,2,-2,61,0,0,0,0,1.5,1.5,+0.6,+0.6,1.2,1.8,-1.5,-1.5,-1.2,0.12,13,0,0,4,30.8,18.2,0,Match Report
475,Stuttgart,2021-10-16,0.3,@,Gladbach,de Bundesliga,D 1-1,1,1,0,41,1,0,0,0,0.3,0.3,-2.3,-2.3,0.2,0.3,+0.7,+0.7,+0.8,0.06,5,0.2,0.5,2,40,20.9,0,Match Report
476,Union Berlin,2021-10-16,0.9,,Wolfsburg,de Bundesliga,W 2-0,2,0,+2,39,2,0,0,0,0.9,0.9,-0.6,-0.6,0.8,0.8,+1.1,+1.1,+1.2,0.17,5,0.4,0.67,3,60,12.9,1,Match Report
477,Mainz 05,2021-10-16,0.8,@,Dortmund,de Bundesliga,L 1-3,1,3,-2,33,1,0,0,0,0.8,0.8,-1.5,-0.7,0.8,0.5,+0.2,+0.2,+0.2,0.16,5,0.2,0.5,2,40,24.1,1,Match Report
478,Freiburg,2021-10-16,1.4,,RB Leipzig,de Bundesliga,D 1-1,1,1,0,53,1,0,0,0,1.4,1.4,-0.3,+0.4,1.3,1.3,-0.4,-0.4,-0.3,0.09,15,0.07,0.25,4,26.7,15.9,1,Match Report
479,RB Leipzig,2021-10-16,1.7,@,Freiburg,de Bundesliga,D 1-1,1,1,0,47,0,1,1,0,1.7,1,+0.3,-0.4,0.9,1.3,-0.7,-1,-0.9,0.09,11,0,0,2,18.2,19.4,0,Match Report
480,Dortmund,2021-10-16,2.3,,Mainz 05,de Bundesliga,W 3-1,3,1,+2,67,2,1,1,0,2.3,1.5,+1.5,+0.7,1.4,1.4,+0.7,+0.5,-0.4,0.16,10,0.2,0.67,3,30,15.3,0,Match Report
481,Bochum,2021-10-16,1.6,@,Greuther Fürth,de Bundesliga,W 1-0,1,0,+1,44,1,0,0,0,1.6,1.6,+0.7,+0.7,1.4,1,-0.6,-0.6,-0.4,0.16,10,0.1,0.5,2,20,16.1,0,Match Report
482,Eint Frankfurt,2021-10-16,1.6,,Hertha BSC,de Bundesliga,L 1-2,1,2,-1,58,0,1,1,0,1.6,0.8,-0.1,-0.9,0.7,1.2,-0.6,-0.8,-0.7,0.07,12,0,0,4,33.3,20.3,1,Match Report
483,Hoffenheim,2021-10-15,3.7,,Köln,de Bundesliga,W 5-0,5,0,+5,51,5,0,0,0,3.7,3.7,+3.0,+3.0,2,1.6,+1.3,+1.3,+1.0,0.26,14,0.36,0.63,8,57.1,12,1,Match Report
484,Köln,2021-10-15,0.7,@,Hoffenheim,de Bundesliga,L 0-5,0,5,-5,49,0,0,0,0,0.7,0.7,-3,-3,0.6,0.9,-0.7,-0.7,-0.6,0.07,10,0,,0,0,17.6,0,Match Report
485,Bayern Munich,2021-10-03,2.2,,Eint Frankfurt,de Bundesliga,L 1-2,1,2,-1,72,1,0,0,0,2.2,2.2,+1.3,+1.3,2.1,3.6,-1.2,-1.2,-1.1,0.11,20,0.05,0.1,10,50,18.8,1,Match Report
486,Arminia,2021-10-03,0.4,,Leverkusen,de Bundesliga,L 0-4,0,4,-4,34,0,0,0,0,0.4,0.4,-2.6,-1.9,0.4,0.7,-0.4,-0.4,-0.4,0.04,10,0,0,2,20,19.5,0,Match Report
487,Union Berlin,2021-10-03,1.4,@,Mainz 05,de Bundesliga,W 2-1,2,1,+1,48,2,0,0,0,1.4,1.4,+0.3,+0.3,1,0.9,+0.6,+0.6,+1.0,0.09,16,0.13,1,2,12.5,21.1,1,Match Report
488,Mainz 05,2021-10-03,1.1,,Union Berlin,de Bundesliga,L 1-2,1,2,-1,52,1,0,0,0,1.1,1.1,-0.3,-0.3,0.9,1.5,-0.1,-0.1,+0.1,0.09,12,0.08,0.25,4,33.3,14.4,1,Match Report
489,Leverkusen,2021-10-03,3.1,@,Arminia,de Bundesliga,W 4-0,4,0,+4,66,3,1,1,0,3.1,2.3,+2.6,+1.9,1.7,1.6,+0.9,+0.7,+0.3,0.14,17,0.18,0.5,6,35.3,18.4,1,Match Report
490,Eint Frankfurt,2021-10-03,0.8,@,Bayern Munich,de Bundesliga,W 2-1,2,1,+1,28,2,0,0,0,0.8,0.8,-1.3,-1.3,0.8,0.5,+1.2,+1.2,+1.2,0.16,5,0.4,0.67,3,60,26.5,0,Match Report
491,Hoffenheim,2021-10-02,1,@,Stuttgart,de Bundesliga,L 1-3,1,3,-2,59,1,0,0,0,1,1,+0.3,+0.3,1,1.2,0,0,0,0.08,13,0.08,0.25,4,30.8,17.2,0,Match Report
492,Augsburg,2021-10-02,0.8,@,Dortmund,de Bundesliga,L 1-2,1,2,-1,31,1,0,0,0,0.8,0.8,-2.2,-1.4,0.3,0.2,+0.2,+0.2,-0.3,0.13,6,0.17,0.33,3,50,15.1,0,Match Report
493,Hertha BSC,2021-10-02,1,,Freiburg,de Bundesliga,L 1-2,1,2,-1,44,1,0,0,0,1,1,+0.3,+0.3,0.9,0.9,0,0,+0.1,0.09,12,0.08,0.33,3,25,21.4,2,Match Report
494,Gladbach,2021-10-02,3.3,@,Wolfsburg,de Bundesliga,W 3-1,3,1,+2,48,3,0,1,1,3.3,2.5,+1.9,+1.3,2.3,0.9,-0.3,+0.5,+0.7,0.14,18,0.17,0.33,9,50,17.5,1,Match Report
495,Wolfsburg,2021-10-02,1.3,,Gladbach,de Bundesliga,L 1-3,1,3,-2,52,1,0,0,0,1.3,1.2,-1.9,-1.3,0.5,1.1,-0.3,-0.2,-0.5,0.1,12,0.08,0.2,5,41.7,17.4,0,Match Report
496,Stuttgart,2021-10-02,0.8,,Hoffenheim,de Bundesliga,W 3-1,3,1,+2,41,3,0,0,0,0.8,0.8,-0.3,-0.3,0.5,0.6,+2.2,+2.2,+1.5,0.05,14,0.21,0.5,6,42.9,16.9,0,Match Report
497,Freiburg,2021-10-02,0.7,@,Hertha BSC,de Bundesliga,W 2-1,2,1,+1,56,2,0,0,0,0.7,0.7,-0.3,-0.3,0.4,1.3,+1.3,+1.3,+0.6,0.07,11,0.18,0.4,5,45.5,14.9,0,Match Report
498,RB Leipzig,2021-10-02,3.2,,Bochum,de Bundesliga,W 3-0,3,0,+3,59,3,0,0,0,3.2,3.2,+1.7,+1.7,3,1.8,-0.2,-0.2,0,0.2,16,0.19,0.38,8,50,14.1,0,Match Report
499,Dortmund,2021-10-02,3,,Augsburg,de Bundesliga,W 2-1,2,1,+1,69,1,1,1,0,3,2.2,+2.2,+1.4,1.7,1.3,-1,-1.2,-0.7,0.12,19,0.05,0.33,3,15.8,19,0,Match Report
500,Bochum,2021-10-02,1.5,@,RB Leipzig,de Bundesliga,L 0-3,0,3,-3,41,0,0,0,0,1.5,1.5,-1.7,-1.7,1.5,1.3,-1.5,-1.5,-1.5,0.17,9,0,0,2,22.2,15.1,0,Match Report
501,Greuther Fürth,2021-10-01,1.3,@,Köln,de Bundesliga,L 1-3,1,3,-2,33,1,0,0,0,1.3,1.3,-1.6,-1.6,0.6,0.4,-0.3,-0.3,+0.4,0.22,7,0.14,0.33,3,42.9,11.4,0,Match Report
502,Köln,2021-10-01,2.9,,Greuther Fürth,de Bundesliga,W 3-1,3,1,+2,67,3,0,0,0,2.9,2.9,+1.6,+1.6,2.5,2.8,+0.1,+0.1,+0.5,0.16,18,0.17,0.38,8,44.4,15.5,0,Match Report
503,Augsburg,2021-09-26,0.2,@,Freiburg,de Bundesliga,L 0-3,0,3,-3,41,0,0,0,0,0.2,0.2,-2.9,-2.1,0.1,0.2,-0.2,-0.2,-0.1,0.03,9,0,0,2,22.2,27,0,Match Report
504,Stuttgart,2021-09-26,0.3,@,Bochum,de Bundesliga,D 0-0,0,0,0,56,0,0,0,0,0.3,0.3,-0.5,-0.5,0.2,0.7,-0.3,-0.3,-0.2,0.04,8,0,0,3,37.5,23.7,1,Match Report
505,Freiburg,2021-09-26,3.1,,Augsburg,de Bundesliga,W 3-0,3,0,+3,59,2,1,1,0,3.1,2.3,+2.9,+2.1,1.5,1.3,-0.1,-0.3,-0.5,0.14,17,0.12,0.33,6,35.3,16,0,Match Report
506,Bochum,2021-09-26,0.8,,Stuttgart,de Bundesliga,D 0-0,0,0,0,44,0,0,0,0,0.8,0.8,+0.5,+0.5,0.7,0.8,-0.8,-0.8,-0.7,0.05,15,0,0,4,26.7,22.1,1,Match Report
507,Hoffenheim,2021-09-25,1.5,,Wolfsburg,de Bundesliga,W 3-1,3,1,+2,50,3,0,0,0,1.5,1.5,+0.9,+0.9,0.5,1.1,+1.5,+1.5,+0.5,0.14,11,0.27,1,3,27.3,14.5,1,Match Report
508,Arminia,2021-09-25,0.5,@,Union Berlin,de Bundesliga,L 0-1,0,1,-1,46,0,0,0,0,0.5,0.5,-0.8,-0.8,0.4,0.4,-0.5,-0.5,-0.4,0.05,10,0,0,2,20,17.9,0,Match Report
509,Hertha BSC,2021-09-25,0.2,@,RB Leipzig,de Bundesliga,L 0-6,0,6,-6,39,0,0,0,0,0.2,0.2,-3.6,-2.8,0.2,0.2,-0.2,-0.2,-0.2,0.05,4,0,0,2,50,20.4,0,Match Report
510,Gladbach,2021-09-25,1.6,,Dortmund,de Bundesliga,W 1-0,1,0,+1,55,1,0,0,0,1.6,1.6,+1.2,+1.2,1,1.2,-0.6,-0.6,-1,0.11,15,0.07,0.33,3,20,15.9,1,Match Report
511,Wolfsburg,2021-09-25,0.6,@,Hoffenheim,de Bundesliga,L 1-3,1,3,-2,50,1,0,0,0,0.6,0.6,-0.9,-0.9,0.5,0.8,+0.4,+0.4,+0.5,0.04,13,0.08,0.5,2,15.4,22.7,0,Match Report
512,Union Berlin,2021-09-25,1.2,,Arminia,de Bundesliga,W 1-0,1,0,+1,54,1,0,0,0,1.2,1.2,+0.8,+0.8,1.2,1.1,-0.2,-0.2,-0.2,0.07,17,0.06,0.25,4,23.5,16.1,0,Match Report
513,Mainz 05,2021-09-25,0.9,@,Leverkusen,de Bundesliga,L 0-1,0,1,-1,33,0,0,0,0,0.9,0.9,-0.6,-0.6,0.8,0.7,-0.9,-0.9,-0.8,0.07,14,0,0,5,35.7,22,0,Match Report
514,RB Leipzig,2021-09-25,3.8,,Hertha BSC,de Bundesliga,W 6-0,6,0,+6,61,5,1,1,0,3.8,3,+3.6,+2.8,2.6,2.6,+2.2,+2.0,+1.4,0.18,17,0.29,0.63,8,47.1,14.7,1,Match Report
515,Dortmund,2021-09-25,0.4,@,Gladbach,de Bundesliga,L 0-1,0,1,-1,45,0,0,0,0,0.4,0.4,-1.2,-1.2,0.1,0.4,-0.4,-0.4,-0.1,0.05,8,0,,0,0,19.5,2,Match Report
516,Köln,2021-09-25,0.9,@,Eint Frankfurt,de Bundesliga,D 1-1,1,1,0,54,1,0,0,0,0.9,0.9,0,0,0.9,2.2,+0.1,+0.1,+0.1,0.07,14,0.07,0.5,2,14.3,17.5,0,Match Report
517,Leverkusen,2021-09-25,1.5,,Mainz 05,de Bundesliga,W 1-0,1,0,+1,67,1,0,0,0,1.5,1.5,+0.6,+0.6,1.4,1.2,-0.5,-0.5,-0.4,0.09,17,0.06,0.11,9,52.9,19.5,1,Match Report
518,Eint Frankfurt,2021-09-25,0.9,,Köln,de Bundesliga,D 1-1,1,1,0,46,1,0,0,0,0.9,0.9,0,0,0.7,1.2,+0.1,+0.1,+0.3,0.1,10,0.1,0.33,3,30,16.6,0,Match Report
519,Bayern Munich,2021-09-24,0.8,@,Greuther Fürth,de Bundesliga,W 3-1,3,1,+2,67,2,0,0,0,0.8,0.8,+0.1,+0.1,0.6,0.7,+1.2,+1.2,+0.4,0.07,12,0.17,0.5,4,33.3,23.1,0,Match Report
520,Greuther Fürth,2021-09-24,0.7,,Bayern Munich,de Bundesliga,L 1-3,1,3,-2,33,1,0,0,0,0.7,0.7,-0.1,-0.1,0.6,0.8,+0.3,+0.3,+0.4,0.07,10,0.1,0.2,5,50,22.1,2,Match Report
521,Wolfsburg,2021-09-19,1.2,,Eint Frankfurt,de Bundesliga,D 1-1,1,1,0,60,1,0,0,0,1.2,1.2,+0.9,+0.9,0.9,1.2,-0.2,-0.2,-0.9,0.09,14,0.07,0.17,6,42.9,12.7,1,Match Report
522,Stuttgart,2021-09-19,1.6,,Leverkusen,de Bundesliga,L 1-3,1,3,-2,64,1,0,0,0,1.6,1.6,+0.2,+0.2,0.6,1,-0.6,-0.6,-0.6,0.1,17,0.06,0.17,6,35.3,18.3,0,Match Report
523,Union Berlin,2021-09-19,1.6,@,Dortmund,de Bundesliga,L 2-4,2,4,-2,37,1,1,1,0,1.6,0.9,+0.7,-0.1,0.6,0.6,+0.4,+0.1,+0.4,0.11,8,0.13,0.2,5,62.5,15,0,Match Report
524,Dortmund,2021-09-19,0.9,,Union Berlin,de Bundesliga,W 4-2,4,2,+2,63,3,0,0,0,0.9,0.9,-0.7,+0.1,0.8,1,+2.1,+2.1,+1.2,0.07,13,0.23,0.6,5,38.5,21.3,2,Match Report
525,Leverkusen,2021-09-19,1.4,@,Stuttgart,de Bundesliga,W 3-1,3,1,+2,36,3,0,0,0,1.4,1.4,-0.2,-0.2,1.2,1.2,+1.6,+1.6,+0.8,0.2,7,0.43,0.75,4,57.1,11.4,0,Match Report
526,Eint Frankfurt,2021-09-19,0.3,@,Wolfsburg,de Bundesliga,D 1-1,1,1,0,40,1,0,0,0,0.3,0.3,-0.9,-0.9,0.3,0.6,+0.7,+0.7,+0.7,0.06,5,0.2,0.5,2,40,24,0,Match Report
527,Hoffenheim,2021-09-18,1.1,@,Arminia,de Bundesliga,D 0-0,0,0,0,58,0,0,0,0,1.1,1.1,0,0,1.1,2.2,-1.1,-1.1,-1.1,0.07,16,0,0,3,18.8,15.4,0,Match Report
528,Bayern Munich,2021-09-18,5.6,,Bochum,de Bundesliga,W 7-0,7,0,+7,69,6,0,0,0,5.6,5.6,+5.2,+5.2,4,3.6,+0.4,+0.4,-1,0.26,24,0.25,0.43,14,58.3,12.9,1,Match Report
529,Augsburg,2021-09-18,0.3,,Gladbach,de Bundesliga,W 1-0,1,0,+1,30,1,0,0,0,0.3,0.3,-0.3,-0.3,0.3,0.5,+0.7,+0.7,+0.7,0.07,5,0.2,1,1,20,18.9,0,Match Report
530,Arminia,2021-09-18,1.1,,Hoffenheim,de Bundesliga,D 0-0,0,0,0,42,0,0,0,0,1.1,1.1,0,0,1.1,1,-1.1,-1.1,-1.1,0.14,9,0,0,2,22.2,15.2,0,Match Report
531,Gladbach,2021-09-18,0.6,@,Augsburg,de Bundesliga,L 0-1,0,1,-1,70,0,0,0,0,0.6,0.6,+0.3,+0.3,0.5,0.9,-0.6,-0.6,-0.5,0.06,11,0,,0,0,18.9,2,Match Report
532,Mainz 05,2021-09-18,0.9,,Freiburg,de Bundesliga,D 0-0,0,0,0,46,0,0,0,0,0.9,0.9,+0.6,+0.6,0.6,0.6,-0.9,-0.9,-0.6,0.09,11,0,0,3,27.3,16.6,0,Match Report
533,Freiburg,2021-09-18,0.4,@,Mainz 05,de Bundesliga,D 0-0,0,0,0,54,0,0,0,0,0.4,0.4,-0.6,-0.6,0.3,0.4,-0.4,-0.4,-0.3,0.06,7,0,0,1,14.3,18.7,0,Match Report
534,RB Leipzig,2021-09-18,2.7,@,Köln,de Bundesliga,D 1-1,1,1,0,53,1,0,0,0,2.7,2.7,+1.0,+1.0,2.6,2.6,-1.7,-1.7,-1.6,0.15,19,0.05,0.11,9,47.4,17,1,Match Report
535,Bochum,2021-09-18,0.4,@,Bayern Munich,de Bundesliga,L 0-7,0,7,-7,31,0,0,0,0,0.4,0.4,-5.2,-5.2,0.4,0.8,-0.4,-0.4,-0.4,0.09,5,0,,0,0,16.9,0,Match Report
536,Köln,2021-09-18,1.7,,RB Leipzig,de Bundesliga,D 1-1,1,1,0,47,1,0,0,0,1.7,1.7,-1,-1,0.5,0.7,-0.7,-0.7,-0.5,0.13,14,0.07,0.2,5,35.7,18.4,1,Match Report
537,Greuther Fürth,2021-09-17,1.4,@,Hertha BSC,de Bundesliga,L 1-2,1,2,-1,43,0,1,1,0,1.4,0.6,+0.8,0,0.2,0.4,-0.4,-0.6,-0.2,0.06,10,0,0,2,20,17.2,0,Match Report
538,Hertha BSC,2021-09-17,0.7,,Greuther Fürth,de Bundesliga,W 2-1,2,1,+1,57,1,0,0,0,0.7,0.7,-0.8,0,0.6,0.9,+0.3,+0.3,+0.4,0.05,14,0.07,0.33,3,21.4,17.1,0,Match Report
539,Arminia,2021-09-12,1.8,@,Gladbach,de Bundesliga,L 1-3,1,3,-2,36,1,0,0,0,1.8,1.8,+0.1,+0.1,1.4,1.3,-0.8,-0.8,-1.4,0.11,18,0.06,0.14,7,38.9,18.4,0,Match Report
540,Hertha BSC,2021-09-12,0.3,@,Bochum,de Bundesliga,W 3-1,3,1,+2,34,3,0,0,0,0.3,0.3,-0.9,-0.9,0.2,0.1,+2.7,+2.7,+1.8,0.06,5,0.6,0.75,4,80,27.7,0,Match Report
541,Gladbach,2021-09-12,1.7,,Arminia,de Bundesliga,W 3-1,3,1,+2,64,3,0,0,0,1.7,1.7,-0.1,-0.1,1.3,1.6,+1.3,+1.3,+1.7,0.09,18,0.17,0.75,4,22.2,17.9,0,Match Report
542,Stuttgart,2021-09-12,0.9,@,Eint Frankfurt,de Bundesliga,D 1-1,1,1,0,42,1,0,0,0,0.9,0.9,-0.2,-0.2,0.6,0.3,+0.1,+0.1,-0.6,0.1,9,0.11,0.33,3,33.3,14.9,1,Match Report
543,Bochum,2021-09-12,1.2,,Hertha BSC,de Bundesliga,L 1-3,1,3,-2,66,1,0,0,0,1.2,1.2,+0.9,+0.9,0.2,0.8,-0.2,-0.2,-0.2,0.07,18,0.06,0.2,5,27.8,25.2,4,Match Report
544,Eint Frankfurt,2021-09-12,1.1,,Stuttgart,de Bundesliga,D 1-1,1,1,0,58,1,0,0,0,1.1,1.1,+0.2,+0.2,0.9,0.7,-0.1,-0.1,+0.1,0.06,17,0.06,0.25,4,23.5,21.3,1,Match Report
545,Hoffenheim,2021-09-11,0.7,,Mainz 05,de Bundesliga,L 0-2,0,2,-2,64,0,0,0,0,0.7,0.7,-0.2,-0.2,0.5,1,-0.7,-0.7,-0.5,0.08,9,0,,0,0,14.7,1,Match Report
546,Bayern Munich,2021-09-11,3.9,@,RB Leipzig,de Bundesliga,W 4-1,4,1,+3,48,3,1,1,0,3.9,3.1,+3.4,+2.7,2.6,2.7,+0.1,-0.1,+0.4,0.19,17,0.18,0.6,5,29.4,18.1,0,Match Report
547,Augsburg,2021-09-11,1,@,Union Berlin,de Bundesliga,D 0-0,0,0,0,40,0,0,0,0,1,1,0,0,0.9,0.5,-1,-1,-0.9,0.07,14,0,0,6,42.9,16.4,0,Match Report
548,Greuther Fürth,2021-09-11,0.3,,Wolfsburg,de Bundesliga,L 0-2,0,2,-2,30,0,0,0,0,0.3,0.3,-1.1,-0.3,0.2,0.4,-0.3,-0.3,-0.2,0.04,9,0,0,4,44.4,20.4,1,Match Report
549,Wolfsburg,2021-09-11,1.4,@,Greuther Fürth,de Bundesliga,W 2-0,2,0,+2,70,1,1,1,0,1.4,0.6,+1.1,+0.3,0.5,1.1,+0.6,+0.4,+0.5,0.08,8,0.13,0.5,2,25,18.5,0,Match Report
550,Union Berlin,2021-09-11,1,,Augsburg,de Bundesliga,D 0-0,0,0,0,60,0,0,0,0,1,1,0,0,0.8,1.2,-1,-1,-0.8,0.06,16,0,0,5,31.3,18.5,1,Match Report
551,Mainz 05,2021-09-11,0.9,@,Hoffenheim,de Bundesliga,W 2-0,2,0,+2,36,2,0,0,0,0.9,0.9,+0.2,+0.2,0.8,0.3,+1.1,+1.1,+1.2,0.07,13,0.15,0.4,5,38.5,19.6,1,Match Report
552,Freiburg,2021-09-11,0.8,,Köln,de Bundesliga,D 1-1,1,1,0,54,0,0,0,0,0.8,0.8,-0.3,-0.3,0.6,1.4,-0.8,-0.8,-0.6,0.09,9,0,0,3,33.3,15.9,0,Match Report
553,RB Leipzig,2021-09-11,0.5,,Bayern Munich,de Bundesliga,L 1-4,1,4,-3,52,1,0,0,0,0.5,0.5,-3.4,-2.7,0.3,0.8,+0.5,+0.5,+0.7,0.05,10,0.1,0.25,4,40,22.2,1,Match Report
554,Dortmund,2021-09-11,1.8,@,Leverkusen,de Bundesliga,W 4-3,4,3,+1,58,3,1,1,0,1.8,1.1,+1.1,+0.3,0.9,0.9,+2.2,+1.9,+1.1,0.08,13,0.23,0.6,5,38.5,18,1,Match Report
555,Köln,2021-09-11,1.1,@,Freiburg,de Bundesliga,D 1-1,1,1,0,46,1,0,0,0,1.1,1.1,+0.3,+0.3,1,0.8,-0.1,-0.1,0,0.07,15,0.07,0.25,4,26.7,16.6,0,Match Report
556,Leverkusen,2021-09-11,0.7,,Dortmund,de Bundesliga,L 3-4,3,4,-1,42,3,0,0,0,0.7,0.7,-1.1,-0.3,0.6,0.3,+2.3,+2.3,+1.4,0.07,11,0.27,0.6,5,45.5,21.9,2,Match Report
557,Gladbach,2021-08-29,1.8,@,Union Berlin,de Bundesliga,L 1-2,1,2,-1,72,1,0,0,0,1.8,1.8,-0.1,-0.1,0.9,1.1,-0.8,-0.8,-0.9,0.1,20,0.05,0.2,5,25,17,1,Match Report
558,Wolfsburg,2021-08-29,0.8,,RB Leipzig,de Bundesliga,W 1-0,1,0,+1,48,1,0,0,0,0.8,0.8,-0.3,-0.3,0.1,0.2,+0.2,+0.2,-0.1,0.1,8,0.13,0.5,2,25,19.7,1,Match Report
559,Union Berlin,2021-08-29,1.9,,Gladbach,de Bundesliga,W 2-1,2,1,+1,28,2,0,0,0,1.9,1.9,+0.1,+0.1,1.6,1.2,+0.1,+0.1,+0.4,0.17,11,0.18,0.67,3,27.3,14,0,Match Report
560,RB Leipzig,2021-08-29,1.1,@,Wolfsburg,de Bundesliga,L 0-1,0,1,-1,52,0,0,0,0,1.1,1.1,+0.3,+0.3,0.3,0.9,-1.1,-1.1,-0.3,0.11,11,0,0,2,18.2,19.8,1,Match Report
561,Bayern Munich,2021-08-28,2.8,,Hertha BSC,de Bundesliga,W 5-0,5,0,+5,63,5,0,0,0,2.8,2.8,+2.3,+2.3,2.4,3.1,+2.2,+2.2,+1.6,0.18,16,0.31,0.83,6,37.5,12.4,0,Match Report
562,Augsburg,2021-08-28,1.8,,Leverkusen,de Bundesliga,L 1-4,1,4,-3,43,1,0,0,0,1.8,1.8,-0.2,-0.2,0.7,0.8,-0.8,-0.8,-0.7,0.13,14,0.07,0.25,4,28.6,16.9,0,Match Report
563,Greuther Fürth,2021-08-28,0.2,@,Mainz 05,de Bundesliga,L 0-3,0,3,-3,52,0,0,0,0,0.2,0.2,-2.5,-2.5,0.2,0.4,-0.2,-0.2,-0.2,0.02,9,0,0,1,11.1,21.4,0,Match Report
564,Arminia,2021-08-28,0.6,,Eint Frankfurt,de Bundesliga,D 1-1,1,1,0,35,1,0,0,0,0.6,0.6,-0.9,-0.9,0.3,0.5,+0.4,+0.4,+0.7,0.04,13,0.08,0.25,4,30.8,21.3,1,Match Report
565,Hertha BSC,2021-08-28,0.4,@,Bayern Munich,de Bundesliga,L 0-5,0,5,-5,37,0,0,0,0,0.4,0.4,-2.3,-2.3,0.3,0.3,-0.4,-0.4,-0.3,0.06,7,0,0,3,42.9,18.2,0,Match Report
566,Stuttgart,2021-08-28,1.8,,Freiburg,de Bundesliga,L 2-3,2,3,-1,64,2,0,0,0,1.8,1.8,+0.5,+0.5,1.4,2.2,+0.2,+0.2,+0.6,0.11,17,0.12,0.29,7,41.2,19.2,1,Match Report
567,Mainz 05,2021-08-28,2.7,,Greuther Fürth,de Bundesliga,W 3-0,3,0,+3,48,3,0,0,0,2.7,2.7,+2.5,+2.5,2,2.2,+0.3,+0.3,+1.0,0.16,18,0.17,0.33,9,50,14.5,0,Match Report
568,Freiburg,2021-08-28,1.3,@,Stuttgart,de Bundesliga,W 3-2,3,2,+1,36,3,0,0,0,1.3,1.3,-0.5,-0.5,1,0.8,+1.7,+1.7,+1.0,0.09,15,0.2,0.43,7,46.7,16.1,0,Match Report
569,Bochum,2021-08-28,0.6,@,Köln,de Bundesliga,L 1-2,1,2,-1,30,1,0,0,0,0.6,0.6,-2.6,-2.6,0.4,1.1,+0.4,+0.4,+0.6,0.05,11,0.09,1,1,9.1,17.7,1,Match Report
570,Köln,2021-08-28,3.2,,Bochum,de Bundesliga,W 2-1,2,1,+1,70,2,0,0,0,3.2,3.2,+2.6,+2.6,2.9,2.9,-1.2,-1.2,-0.9,0.14,22,0.09,0.4,5,22.7,16.2,0,Match Report
571,Leverkusen,2021-08-28,2,@,Augsburg,de Bundesliga,W 4-1,4,1,+3,57,2,0,0,0,2,2,+0.2,+0.2,1.8,0.7,0,0,+0.2,0.14,14,0.14,0.4,5,35.7,17,0,Match Report
572,Eint Frankfurt,2021-08-28,1.5,@,Arminia,de Bundesliga,D 1-1,1,1,0,65,1,0,0,0,1.5,1.5,+0.9,+0.9,1.3,1.4,-0.5,-0.5,-0.3,0.13,11,0.09,0.33,3,27.3,14.9,0,Match Report
573,Hoffenheim,2021-08-27,2.2,@,Dortmund,de Bundesliga,L 2-3,2,3,-1,41,2,0,0,0,2.2,2.2,-1.2,-1.2,2,1.6,-0.2,-0.2,0,0.23,10,0.2,0.4,5,50,11.5,1,Match Report
574,Dortmund,2021-08-27,3.4,,Hoffenheim,de Bundesliga,W 3-2,3,2,+1,59,3,0,0,0,3.4,3.4,+1.2,+1.2,2.7,2.7,-0.4,-0.4,-1.7,0.15,24,0.13,0.23,13,54.2,12.7,0,Match Report
575,Hoffenheim,2021-08-22,1,,Union Berlin,de Bundesliga,D 2-2,2,2,0,63,2,0,0,0,1,1,-0.7,-0.7,1,1.3,+1.0,+1.0,+1.0,0.15,7,0.29,0.67,3,42.9,20.6,0,Match Report
576,Bayern Munich,2021-08-22,2.6,,Köln,de Bundesliga,W 3-2,3,2,+1,57,3,0,0,0,2.6,2.6,+1.5,+1.5,1.7,1.4,+0.4,+0.4,+0.3,0.15,18,0.17,0.5,6,33.3,18,1,Match Report
577,Union Berlin,2021-08-22,1.8,@,Hoffenheim,de Bundesliga,D 2-2,2,2,0,37,2,0,0,0,1.8,1.8,+0.7,+0.7,1,1.8,+0.2,+0.2,-1,0.16,12,0.17,0.25,8,66.7,13.8,1,Match Report
578,Köln,2021-08-22,1.1,@,Bayern Munich,de Bundesliga,L 2-3,2,3,-1,43,2,0,0,0,1.1,1.1,-1.5,-1.5,1,0.7,+0.9,+0.9,+1.0,0.11,10,0.2,0.67,3,30,18.7,1,Match Report
579,Augsburg,2021-08-21,0.3,@,Eint Frankfurt,de Bundesliga,D 0-0,0,0,0,39,0,0,0,0,0.3,0.3,-1.3,-1.3,0,0.4,-0.3,-0.3,0,0.07,4,0,,0,0,20.3,0,Match Report
580,Greuther Fürth,2021-08-21,2.5,,Arminia,de Bundesliga,D 1-1,1,1,0,65,0,1,1,0,2.5,1.8,+1.7,+1.0,1.4,1.1,-1.5,-1.8,-1.4,0.09,19,0,0,4,21.1,17.8,0,Match Report
581,Arminia,2021-08-21,0.8,@,Greuther Fürth,de Bundesliga,D 1-1,1,1,0,35,1,0,0,0,0.8,0.8,-1.7,-1,0.6,0.6,+0.2,+0.2,+0.4,0.09,9,0.11,0.5,2,22.2,15.3,1,Match Report
582,Hertha BSC,2021-08-21,1.2,,Wolfsburg,de Bundesliga,L 1-2,1,2,-1,41,0,1,1,0,1.2,0.4,+0.2,-0.6,0.1,0.2,-0.2,-0.4,-0.1,0.03,12,0,0,4,33.3,23,1,Match Report
583,Gladbach,2021-08-21,1.7,@,Leverkusen,de Bundesliga,L 0-4,0,4,-4,53,0,0,1,1,1.7,0.9,-0.3,-1.1,0.9,0.9,-1.7,-0.9,-0.9,0.09,10,0,0,5,50,18.5,0,Match Report
584,Wolfsburg,2021-08-21,1,@,Hertha BSC,de Bundesliga,W 2-1,2,1,+1,59,2,0,0,0,1,1,-0.2,+0.6,0.9,1.5,+1.0,+1.0,+1.1,0.08,12,0.17,0.67,3,25,13.7,0,Match Report
585,Mainz 05,2021-08-21,0.9,@,Bochum,de Bundesliga,L 0-2,0,2,-2,58,0,0,0,0,0.9,0.9,+0.1,+0.1,0.7,0.6,-0.9,-0.9,-0.7,0.06,15,0,0,3,20,19.7,0,Match Report
586,Freiburg,2021-08-21,1.3,,Dortmund,de Bundesliga,W 2-1,2,1,+1,24,2,0,0,0,1.3,1.3,-0.4,-0.4,1.2,1,+0.7,+0.7,-0.2,0.18,7,0.29,0.5,4,57.1,17.9,2,Match Report
587,Dortmund,2021-08-21,1.6,@,Freiburg,de Bundesliga,L 1-2,1,2,-1,76,0,0,0,0,1.6,1.6,+0.4,+0.4,1.6,2,-1.6,-1.6,-1.6,0.09,18,0,0,4,22.2,18,0,Match Report
588,Bochum,2021-08-21,0.8,,Mainz 05,de Bundesliga,W 2-0,2,0,+2,42,2,0,0,0,0.8,0.8,-0.1,-0.1,0.6,0.6,+1.2,+1.2,+1.4,0.1,8,0.25,0.5,4,50,17,1,Match Report
589,Leverkusen,2021-08-21,1.9,,Gladbach,de Bundesliga,W 4-0,4,0,+4,47,4,0,0,0,1.9,1.9,+0.3,+1.1,1.1,1.1,+2.1,+2.1,+1.9,0.19,12,0.33,0.67,6,50,14.2,0,Match Report
590,Eint Frankfurt,2021-08-21,1.6,,Augsburg,de Bundesliga,D 0-0,0,0,0,61,0,0,0,0,1.6,1.6,+1.3,+1.3,1.2,0.9,-1.6,-1.6,-1.2,0.08,21,0,0,5,23.8,18.5,1,Match Report
591,Stuttgart,2021-08-20,1.1,@,RB Leipzig,de Bundesliga,L 0-4,0,4,-4,48,0,0,0,0,1.1,1.1,-2.5,-1.8,0.9,0.8,-1.1,-1.1,-0.9,0.1,11,0,0,5,45.5,16.8,0,Match Report
592,RB Leipzig,2021-08-20,3.6,,Stuttgart,de Bundesliga,W 4-0,4,0,+4,52,3,1,1,0,3.6,2.9,+2.5,+1.8,2,2.2,+0.4,+0.1,-1,0.12,27,0.11,0.27,11,40.7,16.9,2,Match Report
593,Hertha BSC,2021-08-15,1.8,@,Köln,de Bundesliga,L 1-3,1,3,-2,41,1,0,0,0,1.8,1.8,+0.2,+0.2,1.7,1.6,-0.8,-0.8,-0.7,0.19,10,0.1,0.2,5,50,15,1,Match Report
594,Mainz 05,2021-08-15,1.2,,RB Leipzig,de Bundesliga,W 1-0,1,0,+1,30,1,0,0,0,1.2,1.2,+0.2,+0.2,0.3,0.6,-0.2,-0.2,-0.3,0.15,8,0.13,0.5,2,25,11,0,Match Report
595,RB Leipzig,2021-08-15,1.1,@,Mainz 05,de Bundesliga,L 0-1,0,1,-1,70,0,0,0,0,1.1,1.1,-0.2,-0.2,0.8,1.1,-1.1,-1.1,-0.8,0.09,13,0,0,2,15.4,15.4,1,Match Report
596,Köln,2021-08-15,1.6,,Hertha BSC,de Bundesliga,W 3-1,3,1,+2,59,3,0,0,0,1.6,1.6,-0.2,-0.2,1.1,1.3,+1.4,+1.4,+1.9,0.11,14,0.21,0.6,5,35.7,14.2,0,Match Report
597,Hoffenheim,2021-08-14,3.8,@,Augsburg,de Bundesliga,W 4-0,4,0,+4,54,4,0,0,0,3.8,3.8,+3.1,+3.1,3.1,1.8,+0.2,+0.2,+0.9,0.26,15,0.27,0.5,8,53.3,17,1,Match Report
598,Augsburg,2021-08-14,0.6,,Hoffenheim,de Bundesliga,L 0-4,0,4,-4,46,0,0,0,0,0.6,0.6,-3.1,-3.1,0.6,0.9,-0.6,-0.6,-0.6,0.09,7,0,,0,0,14.5,0,Match Report
599,Greuther Fürth,2021-08-14,1.2,@,Stuttgart,de Bundesliga,L 1-5,1,5,-4,33,1,0,0,0,1.2,1.2,-1.9,-1.9,0.9,0.6,-0.2,-0.2,+0.1,0.15,8,0.13,0.25,4,50,16.4,0,Match Report
600,Arminia,2021-08-14,0.4,,Freiburg,de Bundesliga,D 0-0,0,0,0,45,0,0,0,0,0.4,0.4,-1.1,-1.1,0.2,0.3,-0.4,-0.4,-0.2,0.04,10,0,0,3,30,20.7,0,Match Report
601,Wolfsburg,2021-08-14,2,,Bochum,de Bundesliga,W 1-0,1,0,+1,60,1,0,1,1,2,1.7,+1.6,+1.3,1.4,1.7,-1,-0.7,-0.4,0.1,18,0.06,0.14,7,38.9,18.3,1,Match Report
602,Stuttgart,2021-08-14,3,,Greuther Fürth,de Bundesliga,W 5-1,5,1,+4,67,5,0,0,0,3,3,+1.9,+1.9,3,3.6,+2.0,+2.0,+2.0,0.09,33,0.15,0.33,15,45.5,14.8,0,Match Report
603,Union Berlin,2021-08-14,0.5,,Leverkusen,de Bundesliga,D 1-1,1,1,0,34,1,0,0,0,0.5,0.5,-0.3,-0.3,0.5,0.6,+0.5,+0.5,+0.5,0.06,8,0.13,0.2,5,62.5,18.2,0,Match Report
604,Freiburg,2021-08-14,1.6,@,Arminia,de Bundesliga,D 0-0,0,0,0,55,0,0,0,0,1.6,1.6,+1.1,+1.1,1.3,1.2,-1.6,-1.6,-1.3,0.11,15,0,0,5,33.3,13.2,0,Match Report
605,Dortmund,2021-08-14,2.7,,Eint Frankfurt,de Bundesliga,W 5-2,5,2,+3,60,5,0,0,0,2.7,2.7,+1.4,+1.4,1.9,1.5,+2.3,+2.3,+3.1,0.21,13,0.38,0.71,7,53.8,13.7,1,Match Report
606,Bochum,2021-08-14,0.4,@,Wolfsburg,de Bundesliga,L 0-1,0,1,-1,40,0,0,0,0,0.4,0.4,-1.6,-1.3,0.4,0.3,-0.4,-0.4,-0.4,0.06,7,0,0,1,14.3,20,0,Match Report
607,Leverkusen,2021-08-14,0.8,@,Union Berlin,de Bundesliga,D 1-1,1,1,0,66,1,0,0,0,0.8,0.8,+0.3,+0.3,0.7,0.8,+0.2,+0.2,+0.3,0.05,16,0.06,0.33,3,18.8,17.8,0,Match Report
608,Eint Frankfurt,2021-08-14,1.3,@,Dortmund,de Bundesliga,L 2-5,2,5,-3,40,1,0,0,0,1.3,1.3,-1.4,-1.4,1.2,0.8,-0.3,-0.3,-0.2,0.14,10,0.1,0.33,3,30,11,0,Match Report
609,Bayern Munich,2021-08-13,2.5,@,Gladbach,de Bundesliga,D 1-1,1,1,0,65,1,0,0,0,2.5,2.5,+0.2,+0.2,1.9,2.4,-1.5,-1.5,-0.9,0.12,21,0.05,0.11,9,42.9,12.4,0,Match Report
610,Gladbach,2021-08-13,2.3,,Bayern Munich,de Bundesliga,D 1-1,1,1,0,35,1,0,0,0,2.3,2.3,-0.2,-0.2,2.2,1.8,-1.3,-1.3,-1.2,0.21,11,0.09,0.25,4,36.4,15.8,0,Match Report